<?xml version="1.0" encoding="UTF-8"?>
<gpx version="1.1" creator="Export" xmlns="http://www.topografix.com/GPX/1/1" xmlns:xsi="http://www.w3.org/2001/XMLSchema-instance" xsi:schemaLocation="http://www.topografix.com/GPX/1/1 http://www.topografix.com/GPX/1/1/gpx.xsd http://www.garmin.com/xmlschemas/GpxExtensions/v3 http://www.garmin.com/xmlschemas/GpxExtensionsv3.xsd http://www.garmin.com/xmlschemas/TrackPointExtension/v1 http://www.garmin.com/xmlschemas/TrackPointExtensionv1.xsd http://www.garmin.com/xmlschemas/PowerExtension/v1 http://www.garmin.com/xmlschemas/PowerExtensionv1.xsd http://www.topografix.com/GPX/gpx_style/0/2 http://www.topografix.com/GPX/gpx_style/0/2/gpx_style.xsd" xmlns:gpxtpx="http://www.garmin.com/xmlschemas/TrackPointExtension/v1" xmlns:gpxx="http://www.garmin.com/xmlschemas/GpxExtensions/v3" xmlns:gpxpx="http://www.garmin.com/xmlschemas/PowerExtension/v1" xmlns:gpx_style="http://www.topografix.com/GPX/gpx_style/0/2">
  <metadata>
    <name>activity_178_2024-09-01</name>
    <author>
      <name>gpx.studio</name>
      <link href="https://gpx.studio"/>
    </author>
  </metadata>
  <wpt lat="41.380965" lon="2.173402">
    <ele>16.428143412085035</ele>
    <name>Metro</name>
    <sym>Ground Transportation</sym>
  </wpt>
  <wpt lat="41.38163" lon="2.135921">
    <ele>48.79765791152687</ele>
    <name>Metro</name>
    <sym>Ground Transportation</sym>
  </wpt>
  <wpt lat="41.376036" lon="2.120496">
    <ele>51.88977755912259</ele>
    <name>Metro</name>
    <sym>Ground Transportation</sym>
  </wpt>
  <wpt lat="41.376971" lon="2.176516">
    <ele>14.761029353947377</ele>
    <name>Metro</name>
    <sym>Ground Transportation</sym>
  </wpt>
  <wpt lat="41.3909" lon="2.165782">
    <ele>40.833396427007735</ele>
    <name>SafeStay Barcelona Hostel</name>
    <sym>Hotel</sym>
  </wpt>
  <wpt lat="41.377111" lon="2.117775">
    <ele>55.401426708792066</ele>
    <name>Friend&apos;s hotel</name>
    <sym>Hotel</sym>
  </wpt>
  <wpt lat="41.396342" lon="2.167218">
    <ele>49.48142085041741</ele>
    <name>Lato Cafe</name>
    <sym>Restaurant</sym>
  </wpt>
  <trk>
    <trkseg>
      <trkpt lat="41.39089845120705" lon="2.165730631521086">
        <ele>41.05904782074526</ele>
        <time>2024-09-01T08:07:03.443Z</time>
      </trkpt>
      <trkpt lat="41.391271854016345" lon="2.1653966868080867">
        <ele>44.32774005324916</ele>
        <time>2024-09-01T08:08:02.039Z</time>
      </trkpt>
      <trkpt lat="41.39164525682564" lon="2.165062742095087">
        <ele>46.49172256670573</ele>
        <time>2024-09-01T08:09:00.635Z</time>
      </trkpt>
      <trkpt lat="41.39189292987618" lon="2.1648412410679896">
        <ele>45.528256372889956</ele>
        <time>2024-09-01T08:09:39.655Z</time>
      </trkpt>
      <trkpt lat="41.39189292987618" lon="2.1648412410679896">
        <ele>45.528256372889956</ele>
        <time>2024-09-01T08:09:39.655Z</time>
      </trkpt>
      <trkpt lat="41.392224307783465" lon="2.1652463952812044">
        <ele>46.923836175319536</ele>
        <time>2024-09-01T08:10:38.483Z</time>
      </trkpt>
      <trkpt lat="41.39255568569075" lon="2.1656515494944197">
        <ele>45.24581518804682</ele>
        <time>2024-09-01T08:11:37.311Z</time>
      </trkpt>
      <trkpt lat="41.39288706359804" lon="2.1660567037076346">
        <ele>46.255690686010354</ele>
        <time>2024-09-01T08:12:36.139Z</time>
      </trkpt>
      <trkpt lat="41.393149886152855" lon="2.1663780397504695">
        <ele>45.42654584140268</ele>
        <time>2024-09-01T08:13:22.797Z</time>
      </trkpt>
      <trkpt lat="41.39347819227461" lon="2.165968459646474">
        <ele>50.96821009054475</ele>
        <time>2024-09-01T08:14:21.625Z</time>
      </trkpt>
      <trkpt lat="41.39380649839635" lon="2.1655588795424787">
        <ele>48.47874166734932</ele>
        <time>2024-09-01T08:15:20.453Z</time>
      </trkpt>
      <trkpt lat="41.394009999999994" lon="2.1653049999999996">
        <ele>49.33244585455495</ele>
        <time>2024-09-01T08:15:56.918Z</time>
      </trkpt>
      <trkpt lat="41.394009999999994" lon="2.1653049999999996">
        <ele>45.46561872681831</ele>
        <time>2024-09-01T08:15:56.918Z</time>
      </trkpt>
      <trkpt lat="41.39421000000001" lon="2.16539">
        <ele>43.66560420240703</ele>
        <time>2024-09-01T08:16:24.381Z</time>
      </trkpt>
      <trkpt lat="41.394965" lon="2.166345">
        <ele>42.564354102266144</ele>
        <time>2024-09-01T08:17:38.384Z</time>
      </trkpt>
      <trkpt lat="41.39488500000001" lon="2.1665366666666666">
        <ele>49.56398650692267</ele>
        <time>2024-09-01T08:17:54.384Z</time>
      </trkpt>
      <trkpt lat="41.394976666666665" lon="2.16652">
        <ele>49.16405067010675</ele>
        <time>2024-09-01T08:18:13.381Z</time>
      </trkpt>
      <trkpt lat="41.39510166666667" lon="2.1666533333333335">
        <ele>39.863899684680966</ele>
        <time>2024-09-01T08:18:23.374Z</time>
      </trkpt>
      <trkpt lat="41.39562333333333" lon="2.167326666666667">
        <ele>21.863019003640176</ele>
        <time>2024-09-01T08:19:24.341Z</time>
      </trkpt>
      <trkpt lat="41.395926666666675" lon="2.1671366666666665">
        <ele>30.663460638662784</ele>
        <time>2024-09-01T08:20:01.381Z</time>
      </trkpt>
      <trkpt lat="41.39613166666666" lon="2.16688">
        <ele>34.16398577376169</ele>
        <time>2024-09-01T08:20:38.512Z</time>
      </trkpt>
      <trkpt lat="41.39613166666666" lon="2.16688">
        <ele>46.93169088647846</ele>
        <time>2024-09-01T08:20:38.512Z</time>
      </trkpt>
      <trkpt lat="41.39633870596043" lon="2.1672138481932848">
        <ele>49.4534743643237</ele>
        <time>2024-09-01T08:21:21.698Z</time>
      </trkpt>
      <trkpt lat="41.39633870596043" lon="2.1672138481932848">
        <ele>49.4534743643237</ele>
        <time>2024-09-01T08:21:21.698Z</time>
      </trkpt>
      <trkpt lat="41.39629259628603" lon="2.167113265865055">
        <ele>48.84044310380966</ele>
        <time>2024-09-01T08:21:31.006Z</time>
      </trkpt>
      <trkpt lat="41.39629259628603" lon="2.167113265865055">
        <ele>48.84044310380966</ele>
        <time>2024-09-01T08:21:31.006Z</time>
      </trkpt>
      <trkpt lat="41.39621109806279" lon="2.167133640331315">
        <ele>48.32070734792071</ele>
        <time>2024-09-01T08:21:39.734Z</time>
      </trkpt>
      <trkpt lat="41.396155119662154" lon="2.167198657896847">
        <ele>48.19341427553493</ele>
        <time>2024-09-01T08:21:47.549Z</time>
      </trkpt>
      <trkpt lat="41.396155119662154" lon="2.167198657896847">
        <ele>48.19341427553493</ele>
        <time>2024-09-01T08:21:47.549Z</time>
      </trkpt>
      <trkpt lat="41.39604094574534" lon="2.167375239694735">
        <ele>48.28873628135801</ele>
        <time>2024-09-01T08:22:41.674Z</time>
      </trkpt>
      <trkpt lat="41.39604094574534" lon="2.167375239694735">
        <ele>48.28873628135801</ele>
        <time>2024-09-01T08:22:41.674Z</time>
      </trkpt>
      <trkpt lat="41.39600833333334" lon="2.1676383333333336">
        <ele>48.72400777498319</ele>
        <time>2024-09-01T09:41:55.736Z</time>
      </trkpt>
      <trkpt lat="41.39600833333334" lon="2.1676383333333336">
        <ele>27.262675273317342</ele>
        <time>2024-09-01T09:41:55.736Z</time>
      </trkpt>
      <trkpt lat="41.39593833333333" lon="2.1677466666666665">
        <ele>27.162454708112676</ele>
        <time>2024-09-01T09:42:29.807Z</time>
      </trkpt>
      <trkpt lat="41.39599666666666" lon="2.1677049999999998">
        <ele>24.162537773171294</ele>
        <time>2024-09-01T09:42:52.816Z</time>
      </trkpt>
      <trkpt lat="41.396611666666665" lon="2.1685033333333332">
        <ele>31.661496105304877</ele>
        <time>2024-09-01T09:44:38.816Z</time>
      </trkpt>
      <trkpt lat="41.39663333333333" lon="2.1685950000000003">
        <ele>31.761356135048686</ele>
        <time>2024-09-01T09:44:50.795Z</time>
      </trkpt>
      <trkpt lat="41.396555000000006" lon="2.16858">
        <ele>28.461331161139213</ele>
        <time>2024-09-01T09:45:59.806Z</time>
      </trkpt>
      <trkpt lat="41.39659666666667" lon="2.16867">
        <ele>27.761208130958302</ele>
        <time>2024-09-01T09:46:14.790Z</time>
      </trkpt>
      <trkpt lat="41.39745500000001" lon="2.1697383333333335">
        <ele>30.95981594412372</ele>
        <time>2024-09-01T09:48:06.792Z</time>
      </trkpt>
      <trkpt lat="41.397423333333336" lon="2.16997">
        <ele>31.55940277909859</ele>
        <time>2024-09-01T09:48:21.796Z</time>
      </trkpt>
      <trkpt lat="41.397755000000004" lon="2.1700933333333334">
        <ele>30.75936152796948</ele>
        <time>2024-09-01T09:48:56.783Z</time>
      </trkpt>
      <trkpt lat="41.39829833333333" lon="2.170798333333333">
        <ele>29.558430933636174</ele>
        <time>2024-09-01T09:50:13.826Z</time>
      </trkpt>
      <trkpt lat="41.398315000000004" lon="2.1710366666666667">
        <ele>30.758030405131016</ele>
        <time>2024-09-01T09:50:30.806Z</time>
      </trkpt>
      <trkpt lat="41.39854833333334" lon="2.1711883333333333">
        <ele>33.75787967966727</ele>
        <time>2024-09-01T09:50:55.806Z</time>
      </trkpt>
      <trkpt lat="41.39916333333334" lon="2.17198">
        <ele>31.956830492594307</ele>
        <time>2024-09-01T09:52:14.828Z</time>
      </trkpt>
      <trkpt lat="41.39919166666667" lon="2.1721983333333332">
        <ele>39.15647617549072</ele>
        <time>2024-09-01T09:52:27.812Z</time>
      </trkpt>
      <trkpt lat="41.39937" lon="2.1722650000000003">
        <ele>35.25644049685607</ele>
        <time>2024-09-01T09:52:49.789Z</time>
      </trkpt>
      <trkpt lat="41.399588333333334" lon="2.172536666666667">
        <ele>34.15610001188909</ele>
        <time>2024-09-01T09:53:14.786Z</time>
      </trkpt>
      <trkpt lat="41.399890000000006" lon="2.1736783333333336">
        <ele>28.7543081967479</ele>
        <time>2024-09-01T09:54:37.799Z</time>
      </trkpt>
      <trkpt lat="41.40014666666666" lon="2.17342">
        <ele>31.554836468655992</ele>
        <time>2024-09-01T09:55:03.819Z</time>
      </trkpt>
      <trkpt lat="41.40020833333333" lon="2.1734533333333332">
        <ele>31.25483622644591</ele>
        <time>2024-09-01T09:55:09.802Z</time>
      </trkpt>
      <trkpt lat="41.40071833333333" lon="2.174116666666667">
        <ele>23.653947998318827</ele>
        <time>2024-09-01T09:56:22.829Z</time>
      </trkpt>
      <trkpt lat="41.40082833333333" lon="2.1744733333333333">
        <ele>29.453420373812946</ele>
        <time>2024-09-01T09:56:48.790Z</time>
      </trkpt>
      <trkpt lat="41.40112166666666" lon="2.17462">
        <ele>30.353291569689688</ele>
        <time>2024-09-01T09:57:19.787Z</time>
      </trkpt>
      <trkpt lat="41.401646666666664" lon="2.1752733333333336">
        <ele>31.952448114410124</ele>
        <time>2024-09-01T09:58:28.799Z</time>
      </trkpt>
      <trkpt lat="41.401925" lon="2.175278333333333">
        <ele>44.35255089098205</ele>
        <time>2024-09-01T09:58:56.812Z</time>
      </trkpt>
      <trkpt lat="41.40213833333334" lon="2.1750216666666664">
        <ele>25.053087313208415</ele>
        <time>2024-09-01T09:59:22.799Z</time>
      </trkpt>
      <trkpt lat="41.40196833333333" lon="2.1747716666666665">
        <ele>22.65343323201104</ele>
        <time>2024-09-01T10:00:28.807Z</time>
      </trkpt>
      <trkpt lat="41.402033333333335" lon="2.174908333333333">
        <ele>17.753239165301217</ele>
        <time>2024-09-01T10:00:48.796Z</time>
      </trkpt>
      <trkpt lat="41.401943333333335" lon="2.174776666666667">
        <ele>21.053413901617816</ele>
        <time>2024-09-01T10:01:01.820Z</time>
      </trkpt>
      <trkpt lat="41.401984999999996" lon="2.174916666666667">
        <ele>21.353189611676065</ele>
        <time>2024-09-01T10:01:18.813Z</time>
      </trkpt>
      <trkpt lat="41.40197833333333" lon="2.1747900000000002">
        <ele>21.25334903134671</ele>
        <time>2024-09-01T10:01:47.797Z</time>
      </trkpt>
      <trkpt lat="41.40181833333333" lon="2.174783333333333">
        <ele>21.65345918652139</ele>
        <time>2024-09-01T10:02:58.787Z</time>
      </trkpt>
      <trkpt lat="41.402100000000004" lon="2.1748649999999996">
        <ele>24.35332744146853</ele>
        <time>2024-09-01T10:03:13.803Z</time>
      </trkpt>
      <trkpt lat="41.402004999999996" lon="2.1748816666666664">
        <ele>23.753276895278113</ele>
        <time>2024-09-01T10:03:47.797Z</time>
      </trkpt>
      <trkpt lat="41.40191166666667" lon="2.174761666666667">
        <ele>23.35341894163073</ele>
        <time>2024-09-01T10:03:58.803Z</time>
      </trkpt>
      <trkpt lat="41.40201333333333" lon="2.174828333333333">
        <ele>28.65335217336262</ele>
        <time>2024-09-01T10:05:13.783Z</time>
      </trkpt>
      <trkpt lat="41.402033333333335" lon="2.174583333333333">
        <ele>23.05376015369115</ele>
        <time>2024-09-01T10:05:28.823Z</time>
      </trkpt>
      <trkpt lat="41.402033333333335" lon="2.1747783333333337">
        <ele>22.853504893424393</ele>
        <time>2024-09-01T10:05:32.809Z</time>
      </trkpt>
      <trkpt lat="41.40200333333334" lon="2.1748483333333337">
        <ele>22.45335654594418</ele>
        <time>2024-09-01T10:05:36.822Z</time>
      </trkpt>
      <trkpt lat="41.401935" lon="2.174795">
        <ele>21.853380355340917</ele>
        <time>2024-09-01T10:05:42.832Z</time>
      </trkpt>
      <trkpt lat="41.401961666666665" lon="2.1748816666666664">
        <ele>21.65335493283824</ele>
        <time>2024-09-01T10:05:45.818Z</time>
      </trkpt>
      <trkpt lat="41.40188333333334" lon="2.1750249999999998">
        <ele>21.152984580981453</ele>
        <time>2024-09-01T10:05:51.784Z</time>
      </trkpt>
      <trkpt lat="41.402096666666665" lon="2.1748866666666666">
        <ele>27.05328582880817</ele>
        <time>2024-09-01T10:07:28.809Z</time>
      </trkpt>
      <trkpt lat="41.40248" lon="2.1745466666666666">
        <ele>20.254044797405854</ele>
        <time>2024-09-01T10:08:13.819Z</time>
      </trkpt>
      <trkpt lat="41.402635" lon="2.1746583333333334">
        <ele>19.053950597502407</ele>
        <time>2024-09-01T10:08:38.820Z</time>
      </trkpt>
      <trkpt lat="41.40286166666667" lon="2.17448">
        <ele>33.55435573896112</ele>
        <time>2024-09-01T10:09:41.803Z</time>
      </trkpt>
      <trkpt lat="41.40353333333334" lon="2.175343333333333">
        <ele>31.053223154169906</ele>
        <time>2024-09-01T10:11:19.809Z</time>
      </trkpt>
      <trkpt lat="41.403728333333326" lon="2.17533">
        <ele>30.05332817041156</ele>
        <time>2024-09-01T10:11:42.823Z</time>
      </trkpt>
      <trkpt lat="41.403819999999996" lon="2.1754183333333335">
        <ele>26.853218378009778</ele>
        <time>2024-09-01T10:11:54.823Z</time>
      </trkpt>
      <trkpt lat="41.40392666666666" lon="2.175276666666667">
        <ele>22.953506457670258</ele>
        <time>2024-09-01T10:12:16.806Z</time>
      </trkpt>
      <trkpt lat="41.403985" lon="2.1753133333333334">
        <ele>26.253525310815817</ele>
        <time>2024-09-01T10:12:39.813Z</time>
      </trkpt>
      <trkpt lat="41.40415500000001" lon="2.1749783333333337">
        <ele>23.054109813491273</ele>
        <time>2024-09-01T10:14:16.815Z</time>
      </trkpt>
      <trkpt lat="41.4043" lon="2.174916666666667">
        <ele>29.454313944236432</ele>
        <time>2024-09-01T10:14:51.780Z</time>
      </trkpt>
      <trkpt lat="41.40436166666667" lon="2.174706666666667">
        <ele>32.254677295211636</ele>
        <time>2024-09-01T10:15:47.822Z</time>
      </trkpt>
      <trkpt lat="41.40454" lon="2.1745050000000004">
        <ele>30.155065321285413</ele>
        <time>2024-09-01T10:16:12.803Z</time>
      </trkpt>
      <trkpt lat="41.40463833333333" lon="2.1745533333333333">
        <ele>31.155079816178677</ele>
        <time>2024-09-01T10:16:20.822Z</time>
      </trkpt>
      <trkpt lat="41.40473999999999" lon="2.1744600000000003">
        <ele>33.85528993603404</ele>
        <time>2024-09-01T10:16:30.822Z</time>
      </trkpt>
      <trkpt lat="41.404693333333334" lon="2.17416">
        <ele>44.455756274739294</ele>
        <time>2024-09-01T10:16:59.819Z</time>
      </trkpt>
      <trkpt lat="41.4049" lon="2.1739650000000004">
        <ele>30.956217156856113</ele>
        <time>2024-09-01T10:20:10.796Z</time>
      </trkpt>
      <trkpt lat="41.40492833333333" lon="2.1740166666666667">
        <ele>30.056142917424964</ele>
        <time>2024-09-01T10:20:36.813Z</time>
      </trkpt>
      <trkpt lat="41.404700000000005" lon="2.1742433333333335">
        <ele>33.35565983246505</ele>
        <time>2024-09-01T10:21:30.793Z</time>
      </trkpt>
      <trkpt lat="41.404418333333325" lon="2.174208333333333">
        <ele>35.055573587717014</ele>
        <time>2024-09-01T10:22:07.810Z</time>
      </trkpt>
      <trkpt lat="41.40371166666667" lon="2.1733">
        <ele>31.15677361630857</ele>
        <time>2024-09-01T10:24:01.797Z</time>
      </trkpt>
      <trkpt lat="41.40376" lon="2.173105">
        <ele>30.157114331675885</ele>
        <time>2024-09-01T10:24:19.816Z</time>
      </trkpt>
      <trkpt lat="41.40371333333333" lon="2.1729883333333335">
        <ele>28.557292969939326</ele>
        <time>2024-09-01T10:24:30.812Z</time>
      </trkpt>
      <trkpt lat="41.40347333333334" lon="2.1729883333333335">
        <ele>31.15718972952819</ele>
        <time>2024-09-01T10:25:00.832Z</time>
      </trkpt>
      <trkpt lat="41.40313833333333" lon="2.172635">
        <ele>35.05761498884045</ele>
        <time>2024-09-01T10:25:44.806Z</time>
      </trkpt>
      <trkpt lat="41.402716666666656" lon="2.173">
        <ele>39.956813984757716</ele>
        <time>2024-09-01T10:26:36.784Z</time>
      </trkpt>
      <trkpt lat="41.40265666666666" lon="2.1731883333333335">
        <ele>35.45647314639917</ele>
        <time>2024-09-01T10:27:09.803Z</time>
      </trkpt>
      <trkpt lat="41.40269333333334" lon="2.1734916666666666">
        <ele>34.255955145981495</ele>
        <time>2024-09-01T10:27:31.776Z</time>
      </trkpt>
      <trkpt lat="41.40219666666667" lon="2.1735816666666663">
        <ele>31.55557757481855</ele>
        <time>2024-09-01T10:28:22.807Z</time>
      </trkpt>
      <trkpt lat="41.40201999999999" lon="2.173445">
        <ele>32.65569681858626</ele>
        <time>2024-09-01T10:28:40.819Z</time>
      </trkpt>
      <trkpt lat="41.40193666666667" lon="2.172903333333333">
        <ele>35.25658452557621</ele>
        <time>2024-09-01T10:29:18.816Z</time>
      </trkpt>
      <trkpt lat="41.40170333333334" lon="2.173025">
        <ele>39.15627999213278</ele>
        <time>2024-09-01T10:29:53.809Z</time>
      </trkpt>
      <trkpt lat="41.401534999999996" lon="2.1726883333333333">
        <ele>29.556744420838996</ele>
        <time>2024-09-01T10:30:25.826Z</time>
      </trkpt>
      <trkpt lat="41.401073333333336" lon="2.172613333333333">
        <ele>23.656684529114614</ele>
        <time>2024-09-01T10:30:59.822Z</time>
      </trkpt>
      <trkpt lat="41.40101166666667" lon="2.1724650000000003">
        <ele>23.95684403670508</ele>
        <time>2024-09-01T10:31:11.841Z</time>
      </trkpt>
      <trkpt lat="41.40116166666667" lon="2.1720533333333334">
        <ele>25.657637584791836</ele>
        <time>2024-09-01T10:31:28.818Z</time>
      </trkpt>
      <trkpt lat="41.4011" lon="2.1718866666666665">
        <ele>26.457892410547338</ele>
        <time>2024-09-01T10:31:37.836Z</time>
      </trkpt>
      <trkpt lat="41.400768333333325" lon="2.1717500000000003">
        <ele>30.357985066828633</ele>
        <time>2024-09-01T10:32:00.832Z</time>
      </trkpt>
      <trkpt lat="41.40043333333333" lon="2.171266666666667">
        <ele>28.158639443791223</ele>
        <time>2024-09-01T10:32:49.826Z</time>
      </trkpt>
      <trkpt lat="41.39991666666666" lon="2.171091666666667">
        <ele>33.35868668653588</ele>
        <time>2024-09-01T10:33:41.803Z</time>
      </trkpt>
      <trkpt lat="41.39967166666667" lon="2.1710966666666667">
        <ele>28.658572086026936</ele>
        <time>2024-09-01T10:34:10.806Z</time>
      </trkpt>
      <trkpt lat="41.39967333333334" lon="2.1707699999999996">
        <ele>25.85911746382594</ele>
        <time>2024-09-01T10:34:40.800Z</time>
      </trkpt>
      <trkpt lat="41.39950166666666" lon="2.170385">
        <ele>25.15966669878504</ele>
        <time>2024-09-01T10:35:10.813Z</time>
      </trkpt>
      <trkpt lat="41.399301666666666" lon="2.170326666666667">
        <ele>23.55969971767901</ele>
        <time>2024-09-01T10:35:18.807Z</time>
      </trkpt>
      <trkpt lat="41.399076666666666" lon="2.170511666666667">
        <ele>27.55928093775121</ele>
        <time>2024-09-01T10:35:35.810Z</time>
      </trkpt>
      <trkpt lat="41.39893666666667" lon="2.1704383333333337">
        <ele>28.959319545536168</ele>
        <time>2024-09-01T10:35:51.835Z</time>
      </trkpt>
      <trkpt lat="41.398851666666665" lon="2.169996666666667">
        <ele>29.4600102069114</ele>
        <time>2024-09-01T10:36:19.783Z</time>
      </trkpt>
      <trkpt lat="41.398795" lon="2.16919">
        <ele>30.161362145179766</ele>
        <time>2024-09-01T10:37:25.829Z</time>
      </trkpt>
      <trkpt lat="41.39863999999999" lon="2.1691516666666666">
        <ele>29.761361846240554</ele>
        <time>2024-09-01T10:37:43.805Z</time>
      </trkpt>
      <trkpt lat="41.3985" lon="2.16899">
        <ele>26.561543208385785</ele>
        <time>2024-09-01T10:38:04.793Z</time>
      </trkpt>
      <trkpt lat="41.39828333333333" lon="2.168495">
        <ele>31.362290934400505</ele>
        <time>2024-09-01T10:38:29.816Z</time>
      </trkpt>
      <trkpt lat="41.39819000000001" lon="2.1684216666666667">
        <ele>31.462384193842148</ele>
        <time>2024-09-01T10:38:45.818Z</time>
      </trkpt>
      <trkpt lat="41.39813833333333" lon="2.1681833333333334">
        <ele>29.562738993586954</ele>
        <time>2024-09-01T10:39:08.799Z</time>
      </trkpt>
      <trkpt lat="41.39808" lon="2.168205">
        <ele>29.562703875703164</ele>
        <time>2024-09-01T10:39:12.813Z</time>
      </trkpt>
      <trkpt lat="41.397658333333325" lon="2.1677833333333334">
        <ele>29.66321714421627</ele>
        <time>2024-09-01T10:39:52.776Z</time>
      </trkpt>
      <trkpt lat="41.39754666666666" lon="2.167826666666667">
        <ele>28.863078694814888</ele>
        <time>2024-09-01T10:40:04.805Z</time>
      </trkpt>
      <trkpt lat="41.396975000000005" lon="2.168565">
        <ele>22.561554046016013</ele>
        <time>2024-09-01T10:41:23.822Z</time>
      </trkpt>
      <trkpt lat="41.396965" lon="2.1686666666666667">
        <ele>23.36139592512719</ele>
        <time>2024-09-01T10:41:31.805Z</time>
      </trkpt>
      <trkpt lat="41.396566666666665" lon="2.168851666666667">
        <ele>35.360890313710556</ele>
        <time>2024-09-01T10:42:04.813Z</time>
      </trkpt>
      <trkpt lat="41.39593166666667" lon="2.169635">
        <ele>23.7592516572294</ele>
        <time>2024-09-01T10:43:33.774Z</time>
      </trkpt>
      <trkpt lat="41.39577333333333" lon="2.169526666666667">
        <ele>29.859333713712097</ele>
        <time>2024-09-01T10:43:59.779Z</time>
      </trkpt>
      <trkpt lat="41.395869999999995" lon="2.1700566666666665">
        <ele>112.15849453463886</ele>
        <time>2024-09-01T10:44:48.819Z</time>
      </trkpt>
      <trkpt lat="41.39566" lon="2.1701816666666667">
        <ele>103.9581872615675</ele>
        <time>2024-09-01T10:45:06.783Z</time>
      </trkpt>
      <trkpt lat="41.395779999999995" lon="2.1701533333333334">
        <ele>101.95827010490714</ele>
        <time>2024-09-01T10:45:21.822Z</time>
      </trkpt>
      <trkpt lat="41.395745000000005" lon="2.1702716666666664">
        <ele>104.85807462679261</ele>
        <time>2024-09-01T10:45:56.816Z</time>
      </trkpt>
      <trkpt lat="41.395831666666666" lon="2.17002">
        <ele>109.85852644631082</ele>
        <time>2024-09-01T10:46:51.790Z</time>
      </trkpt>
      <trkpt lat="41.39564" lon="2.1697849999999996">
        <ele>76.35884002721716</ele>
        <time>2024-09-01T10:47:34.805Z</time>
      </trkpt>
      <trkpt lat="41.395649999999996" lon="2.1696983333333337">
        <ele>64.05899563781179</ele>
        <time>2024-09-01T10:47:42.823Z</time>
      </trkpt>
      <trkpt lat="41.395678333333336" lon="2.169881666666667">
        <ele>47.758727477333586</ele>
        <time>2024-09-01T10:48:05.043Z</time>
      </trkpt>
      <trkpt lat="41.395498333333336" lon="2.1700250000000003">
        <ele>40.758393160106785</ele>
        <time>2024-09-01T10:48:20.802Z</time>
      </trkpt>
      <trkpt lat="41.394999999999996" lon="2.170735">
        <ele>32.8569567649657</ele>
        <time>2024-09-01T10:49:30.786Z</time>
      </trkpt>
      <trkpt lat="41.39489833333334" lon="2.17069">
        <ele>31.15696105616383</ele>
        <time>2024-09-01T10:49:42.807Z</time>
      </trkpt>
      <trkpt lat="41.39483666666667" lon="2.171003333333333">
        <ele>30.756413093557946</ele>
        <time>2024-09-01T10:50:20.839Z</time>
      </trkpt>
      <trkpt lat="41.393301666666666" lon="2.1730549999999997">
        <ele>18.65220327530502</ele>
        <time>2024-09-01T10:53:50.823Z</time>
      </trkpt>
      <trkpt lat="41.393101666666674" lon="2.1730533333333333">
        <ele>19.6521071115178</ele>
        <time>2024-09-01T10:54:14.822Z</time>
      </trkpt>
      <trkpt lat="41.392635000000006" lon="2.174046666666667">
        <ele>23.950227371089746</ele>
        <time>2024-09-01T10:55:33.819Z</time>
      </trkpt>
      <trkpt lat="41.39238166666667" lon="2.1743083333333333">
        <ele>22.24963979464225</ele>
        <time>2024-09-01T10:55:58.822Z</time>
      </trkpt>
      <trkpt lat="41.39223666666667" lon="2.1742733333333333">
        <ele>21.849607577745083</ele>
        <time>2024-09-01T10:56:15.813Z</time>
      </trkpt>
      <trkpt lat="41.39192666666666" lon="2.1744666666666665">
        <ele>27.04915294870186</ele>
        <time>2024-09-01T10:56:37.825Z</time>
      </trkpt>
      <trkpt lat="41.392038333333325" lon="2.1745366666666666">
        <ele>29.44909236036156</ele>
        <time>2024-09-01T10:56:57.825Z</time>
      </trkpt>
      <trkpt lat="41.39195500000001" lon="2.1747816666666666">
        <ele>24.948661331866063</ele>
        <time>2024-09-01T10:57:21.825Z</time>
      </trkpt>
      <trkpt lat="41.391580000000005" lon="2.175098333333333">
        <ele>14.547932785153705</ele>
        <time>2024-09-01T10:57:57.813Z</time>
      </trkpt>
      <trkpt lat="41.39118666666666" lon="2.17555">
        <ele>18.44697130183107</ele>
        <time>2024-09-01T10:58:44.828Z</time>
      </trkpt>
      <trkpt lat="41.39121" lon="2.17575">
        <ele>23.546650922420724</ele>
        <time>2024-09-01T10:59:05.819Z</time>
      </trkpt>
      <trkpt lat="41.39109333333334" lon="2.176085">
        <ele>27.946020422817284</ele>
        <time>2024-09-01T10:59:29.805Z</time>
      </trkpt>
      <trkpt lat="41.39068666666667" lon="2.1766366666666666">
        <ele>19.944916674792715</ele>
        <time>2024-09-01T11:00:23.809Z</time>
      </trkpt>
      <trkpt lat="41.3905" lon="2.1765683333333334">
        <ele>20.444920870951933</ele>
        <time>2024-09-01T11:00:33.813Z</time>
      </trkpt>
      <trkpt lat="41.39026333333333" lon="2.176668333333333">
        <ele>25.54461284643793</ele>
        <time>2024-09-01T11:01:04.819Z</time>
      </trkpt>
      <trkpt lat="41.39034166666667" lon="2.1768766666666663">
        <ele>15.34433064186122</ele>
        <time>2024-09-01T11:01:35.819Z</time>
      </trkpt>
      <trkpt lat="41.39009666666667" lon="2.1771916666666664">
        <ele>14.243674225406522</ele>
        <time>2024-09-01T11:02:20.777Z</time>
      </trkpt>
      <trkpt lat="41.38993833333334" lon="2.17767">
        <ele>26.242814208842013</ele>
        <time>2024-09-01T11:03:06.806Z</time>
      </trkpt>
      <trkpt lat="41.38932333333334" lon="2.1784266666666667">
        <ele>18.241205093580653</ele>
        <time>2024-09-01T11:04:32.796Z</time>
      </trkpt>
      <trkpt lat="41.389455" lon="2.1789199999999997">
        <ele>22.040457573650528</ele>
        <time>2024-09-01T11:05:20.822Z</time>
      </trkpt>
      <trkpt lat="41.38953166666667" lon="2.1790133333333332">
        <ele>23.640323347486913</ele>
        <time>2024-09-01T11:05:31.829Z</time>
      </trkpt>
      <trkpt lat="41.389615000000006" lon="2.178916666666667">
        <ele>26.240523945256015</ele>
        <time>2024-09-01T11:05:43.820Z</time>
      </trkpt>
      <trkpt lat="41.389493333333334" lon="2.1791633333333333">
        <ele>32.64005991712722</ele>
        <time>2024-09-01T11:07:10.816Z</time>
      </trkpt>
      <trkpt lat="41.38954666666667" lon="2.17904">
        <ele>34.740283372576116</ele>
        <time>2024-09-01T11:08:12.816Z</time>
      </trkpt>
      <trkpt lat="41.389489999999995" lon="2.179133333333333">
        <ele>37.640286974582104</ele>
        <time>2024-09-01T11:12:21.786Z</time>
      </trkpt>
      <trkpt lat="41.38943833333333" lon="2.17904">
        <ele>42.140221725431736</ele>
        <time>2024-09-01T11:17:06.819Z</time>
      </trkpt>
      <trkpt lat="41.38930333333333" lon="2.179063333333333">
        <ele>28.44014107227013</ele>
        <time>2024-09-01T11:17:27.819Z</time>
      </trkpt>
      <trkpt lat="41.389346666666675" lon="2.1789150000000004">
        <ele>30.140399972846787</ele>
        <time>2024-09-01T11:17:47.776Z</time>
      </trkpt>
      <trkpt lat="41.38931666666667" lon="2.1790233333333333">
        <ele>29.340220424479085</ele>
        <time>2024-09-01T11:18:04.784Z</time>
      </trkpt>
      <trkpt lat="41.38889000000001" lon="2.17856">
        <ele>15.040769391006663</ele>
        <time>2024-09-01T11:19:07.796Z</time>
      </trkpt>
      <trkpt lat="41.388703333333325" lon="2.1785349999999997">
        <ele>9.940740263653204</ele>
        <time>2024-09-01T11:19:23.802Z</time>
      </trkpt>
      <trkpt lat="41.38845166666667" lon="2.1781466666666662">
        <ele>10.841281292015132</ele>
        <time>2024-09-01T11:20:12.825Z</time>
      </trkpt>
      <trkpt lat="41.38849833333334" lon="2.178045">
        <ele>9.941449636150075</ele>
        <time>2024-09-01T11:20:20.822Z</time>
      </trkpt>
      <trkpt lat="41.38833666666666" lon="2.17791">
        <ele>1.3416146494995118</ele>
        <time>2024-09-01T11:20:41.818Z</time>
      </trkpt>
      <trkpt lat="41.388311666666674" lon="2.17808">
        <ele>-3.0586837522754067</ele>
        <time>2024-09-01T11:21:10.806Z</time>
      </trkpt>
      <trkpt lat="41.38813333333333" lon="2.178148333333333">
        <ele>-3.958863229820878</ele>
        <time>2024-09-01T11:21:16.822Z</time>
      </trkpt>
      <trkpt lat="41.387993333333334" lon="2.1783799999999998">
        <ele>7.540675287002756</ele>
        <time>2024-09-01T11:21:45.780Z</time>
      </trkpt>
      <trkpt lat="41.387955" lon="2.178253333333333">
        <ele>8.140835480949725</ele>
        <time>2024-09-01T11:21:53.809Z</time>
      </trkpt>
      <trkpt lat="41.38786" lon="2.17825">
        <ele>10.040824003255707</ele>
        <time>2024-09-01T11:21:59.805Z</time>
      </trkpt>
      <trkpt lat="41.38778000000001" lon="2.178025">
        <ele>5.1411509896353</ele>
        <time>2024-09-01T11:22:22.803Z</time>
      </trkpt>
      <trkpt lat="41.38721166666666" lon="2.1775116666666667">
        <ele>3.1417479536847424</ele>
        <time>2024-09-01T11:23:44.813Z</time>
      </trkpt>
      <trkpt lat="41.387245" lon="2.1776666666666666">
        <ele>2.0415331916014523</ele>
        <time>2024-09-01T11:24:19.807Z</time>
      </trkpt>
      <trkpt lat="41.38709666666667" lon="2.177685">
        <ele>2.741422369775684</ele>
        <time>2024-09-01T11:24:40.826Z</time>
      </trkpt>
      <trkpt lat="41.386615" lon="2.178436666666667">
        <ele>8.339921699250212</ele>
        <time>2024-09-01T11:26:00.806Z</time>
      </trkpt>
      <trkpt lat="41.38657166666667" lon="2.1786600000000003">
        <ele>11.339530724271718</ele>
        <time>2024-09-01T11:26:17.822Z</time>
      </trkpt>
      <trkpt lat="41.38622166666667" lon="2.1790616666666667">
        <ele>-3.4613048165512197</ele>
        <time>2024-09-01T11:27:10.815Z</time>
      </trkpt>
      <trkpt lat="41.386228333333335" lon="2.179241666666667">
        <ele>-1.9616154890320203</ele>
        <time>2024-09-01T11:27:20.783Z</time>
      </trkpt>
      <trkpt lat="41.38612666666666" lon="2.179165">
        <ele>12.2384613694947</ele>
        <time>2024-09-01T11:27:46.806Z</time>
      </trkpt>
      <trkpt lat="41.38614166666666" lon="2.17938">
        <ele>8.838115626628486</ele>
        <time>2024-09-01T11:28:09.796Z</time>
      </trkpt>
      <trkpt lat="41.38594333333334" lon="2.1798533333333334">
        <ele>8.837227876231566</ele>
        <time>2024-09-01T11:28:44.787Z</time>
      </trkpt>
      <trkpt lat="41.38575833333333" lon="2.179863333333333">
        <ele>12.037105431101715</ele>
        <time>2024-09-01T11:29:02.786Z</time>
      </trkpt>
      <trkpt lat="41.38520666666667" lon="2.1793199999999997">
        <ele>6.637754947895758</ele>
        <time>2024-09-01T11:30:14.799Z</time>
      </trkpt>
      <trkpt lat="41.385265" lon="2.1793466666666665">
        <ele>6.8377515575784</ele>
        <time>2024-09-01T11:30:20.797Z</time>
      </trkpt>
      <trkpt lat="41.385133333333336" lon="2.1794733333333336">
        <ele>14.537478040524284</ele>
        <time>2024-09-01T11:30:45.820Z</time>
      </trkpt>
      <trkpt lat="41.38513833333333" lon="2.179396666666667">
        <ele>16.537529833988835</ele>
        <time>2024-09-01T11:31:14.790Z</time>
      </trkpt>
      <trkpt lat="41.385085" lon="2.1794166666666666">
        <ele>16.93754393007913</ele>
        <time>2024-09-01T11:31:27.796Z</time>
      </trkpt>
      <trkpt lat="41.38478333333334" lon="2.1790333333333334">
        <ele>8.2380434659364</ele>
        <time>2024-09-01T11:32:21.822Z</time>
      </trkpt>
      <trkpt lat="41.384593333333335" lon="2.1789533333333333">
        <ele>10.138091938054252</ele>
        <time>2024-09-01T11:32:39.829Z</time>
      </trkpt>
      <trkpt lat="41.38458166666666" lon="2.178701666666667">
        <ele>12.538491991744166</ele>
        <time>2024-09-01T11:32:53.832Z</time>
      </trkpt>
      <trkpt lat="41.384305" lon="2.178541666666667">
        <ele>4.338641531386514</ele>
        <time>2024-09-01T11:33:35.807Z</time>
      </trkpt>
      <trkpt lat="41.38418" lon="2.1785816666666666">
        <ele>7.338531466515242</ele>
        <time>2024-09-01T11:33:54.815Z</time>
      </trkpt>
      <trkpt lat="41.383646666666664" lon="2.1779300000000004">
        <ele>5.739382000909849</ele>
        <time>2024-09-01T11:36:44.773Z</time>
      </trkpt>
      <trkpt lat="41.38401999999999" lon="2.1774633333333333">
        <ele>15.540339046298925</ele>
        <time>2024-09-01T11:37:48.796Z</time>
      </trkpt>
      <trkpt lat="41.384094999999995" lon="2.1774366666666665">
        <ele>23.240414624447226</ele>
        <time>2024-09-01T11:38:23.776Z</time>
      </trkpt>
      <trkpt lat="41.38402333333333" lon="2.1775266666666666">
        <ele>24.640371735282883</ele>
        <time>2024-09-01T11:38:52.816Z</time>
      </trkpt>
      <trkpt lat="41.384235000000004" lon="2.1773533333333335">
        <ele>36.24061542589018</ele>
        <time>2024-09-01T11:39:22.786Z</time>
      </trkpt>
      <trkpt lat="41.384105" lon="2.177378333333333">
        <ele>41.340501528526175</ele>
        <time>2024-09-01T11:39:55.782Z</time>
      </trkpt>
      <trkpt lat="41.38421333333334" lon="2.177455">
        <ele>39.14044396610199</ele>
        <time>2024-09-01T11:40:40.829Z</time>
      </trkpt>
      <trkpt lat="41.38415" lon="2.177271666666667">
        <ele>26.040705554000567</ele>
        <time>2024-09-01T11:42:35.809Z</time>
      </trkpt>
      <trkpt lat="41.384049999999995" lon="2.1774916666666666">
        <ele>32.04031435333766</ele>
        <time>2024-09-01T11:42:59.818Z</time>
      </trkpt>
      <trkpt lat="41.384105" lon="2.177513333333333">
        <ele>32.940286633907014</ele>
        <time>2024-09-01T11:43:09.813Z</time>
      </trkpt>
      <trkpt lat="41.38419999999999" lon="2.177365">
        <ele>32.840580044700104</ele>
        <time>2024-09-01T11:44:08.833Z</time>
      </trkpt>
      <trkpt lat="41.38422166666666" lon="2.177215">
        <ele>32.54083358752267</ele>
        <time>2024-09-01T11:44:42.809Z</time>
      </trkpt>
      <trkpt lat="41.38399166666667" lon="2.1775016666666667">
        <ele>32.740259551209896</ele>
        <time>2024-09-01T11:46:53.829Z</time>
      </trkpt>
      <trkpt lat="41.38407833333334" lon="2.17753">
        <ele>34.04023486691053</ele>
        <time>2024-09-01T11:47:35.780Z</time>
      </trkpt>
      <trkpt lat="41.38419166666666" lon="2.1773666666666665">
        <ele>20.840574091379317</ele>
        <time>2024-09-01T11:48:13.820Z</time>
      </trkpt>
      <trkpt lat="41.38440666666667" lon="2.1774416666666667">
        <ele>19.140562042670965</ele>
        <time>2024-09-01T11:49:10.836Z</time>
      </trkpt>
      <trkpt lat="41.384233333333334" lon="2.177356666666667">
        <ele>20.140612171670256</ele>
        <time>2024-09-01T11:50:03.799Z</time>
      </trkpt>
      <trkpt lat="41.38425" lon="2.177446666666667">
        <ele>20.24054639032618</ele>
        <time>2024-09-01T11:50:45.793Z</time>
      </trkpt>
      <trkpt lat="41.38434" lon="2.1773733333333336">
        <ele>20.540623663849154</ele>
        <time>2024-09-01T11:51:01.816Z</time>
      </trkpt>
      <trkpt lat="41.38421166666667" lon="2.177285">
        <ele>19.440711079352788</ele>
        <time>2024-09-01T11:52:38.820Z</time>
      </trkpt>
      <trkpt lat="41.384004999999995" lon="2.1775266666666666">
        <ele>49.84022542257476</ele>
        <time>2024-09-01T11:54:42.839Z</time>
      </trkpt>
      <trkpt lat="41.38383833333334" lon="2.1773983333333335">
        <ele>43.04035909166497</ele>
        <time>2024-09-01T11:55:01.819Z</time>
      </trkpt>
      <trkpt lat="41.38359833333334" lon="2.177433333333333">
        <ele>35.6402009701415</ele>
        <time>2024-09-01T11:55:16.823Z</time>
      </trkpt>
      <trkpt lat="41.38355833333333" lon="2.177401666666667">
        <ele>32.1402266619467</ele>
        <time>2024-09-01T11:55:22.819Z</time>
      </trkpt>
      <trkpt lat="41.383783333333334" lon="2.1771433333333334">
        <ele>16.44075544606921</ele>
        <time>2024-09-01T11:55:33.786Z</time>
      </trkpt>
      <trkpt lat="41.383646666666664" lon="2.1770033333333334">
        <ele>15.640923411642639</ele>
        <time>2024-09-01T11:55:57.832Z</time>
      </trkpt>
      <trkpt lat="41.383595" lon="2.17679">
        <ele>18.84127042116809</ele>
        <time>2024-09-01T11:56:21.777Z</time>
      </trkpt>
      <trkpt lat="41.38361" lon="2.1769366666666667">
        <ele>19.341026529838125</ele>
        <time>2024-09-01T11:56:40.803Z</time>
      </trkpt>
      <trkpt lat="41.383365000000005" lon="2.176885">
        <ele>19.74100695253999</ele>
        <time>2024-09-01T11:57:02.782Z</time>
      </trkpt>
      <trkpt lat="41.383230000000005" lon="2.1767499999999997">
        <ele>19.44117814128544</ele>
        <time>2024-09-01T11:57:08.777Z</time>
      </trkpt>
      <trkpt lat="41.383175" lon="2.176775">
        <ele>19.34112028705821</ele>
        <time>2024-09-01T11:57:11.796Z</time>
      </trkpt>
      <trkpt lat="41.38322166666667" lon="2.176845">
        <ele>17.64100224716409</ele>
        <time>2024-09-01T11:57:19.826Z</time>
      </trkpt>
      <trkpt lat="41.38294166666666" lon="2.17691">
        <ele>18.84076618957485</ele>
        <time>2024-09-01T11:57:43.828Z</time>
      </trkpt>
      <trkpt lat="41.38297833333333" lon="2.1770183333333337">
        <ele>16.140600470984516</ele>
        <time>2024-09-01T11:57:50.783Z</time>
      </trkpt>
      <trkpt lat="41.38291833333333" lon="2.1770199999999997">
        <ele>15.940567678332052</ele>
        <time>2024-09-01T11:58:00.809Z</time>
      </trkpt>
      <trkpt lat="41.382765" lon="2.176978333333333">
        <ele>14.640554583578925</ele>
        <time>2024-09-01T11:58:29.809Z</time>
      </trkpt>
      <trkpt lat="41.38247833333333" lon="2.1767583333333334">
        <ele>12.740795163433724</ele>
        <time>2024-09-01T11:59:14.810Z</time>
      </trkpt>
      <trkpt lat="41.381835" lon="2.1760883333333334">
        <ele>1.7416183678750485</ele>
        <time>2024-09-01T12:00:59.803Z</time>
      </trkpt>
      <trkpt lat="41.38039833333334" lon="2.1742433333333335">
        <ele>-0.6560075261450393</ele>
        <time>2024-09-01T12:05:16.826Z</time>
      </trkpt>
      <trkpt lat="41.38021666666667" lon="2.1741333333333333">
        <ele>2.344141989052524</ele>
        <time>2024-09-01T12:05:43.832Z</time>
      </trkpt>
      <trkpt lat="41.38016" lon="2.17426">
        <ele>21.343918310202255</ele>
        <time>2024-09-01T12:07:41.823Z</time>
      </trkpt>
      <trkpt lat="41.37931666666667" lon="2.1749566666666666">
        <ele>15.642336269060152</ele>
        <time>2024-09-01T12:09:49.812Z</time>
      </trkpt>
      <trkpt lat="41.37913" lon="2.174961666666667">
        <ele>9.842239714657431</ele>
        <time>2024-09-01T12:10:24.832Z</time>
      </trkpt>
      <trkpt lat="41.37913" lon="2.1748883333333335">
        <ele>9.842354499299375</ele>
        <time>2024-09-01T12:10:59.818Z</time>
      </trkpt>
      <trkpt lat="41.380645" lon="2.1735783333333334">
        <ele>15.245258954202768</ele>
        <time>2024-09-01T12:15:24.829Z</time>
      </trkpt>
      <trkpt lat="41.380964999999996" lon="2.1734016666666665">
        <ele>18.445722439370257</ele>
        <time>2024-09-01T12:16:14.813Z</time>
      </trkpt>
    </trkseg>
  </trk>
  <trk>
    <trkseg>
      <trkpt lat="41.376041666666666" lon="2.1204933333333336">
        <ele>18.645726031704285</ele>
        <time>2024-09-01T12:43:44.621Z</time>
      </trkpt>
      <trkpt lat="41.37594000000001" lon="2.120643333333333">
        <ele>56.03196544801771</ele>
        <time>2024-09-01T12:43:46.660Z</time>
      </trkpt>
      <trkpt lat="41.375904999999996" lon="2.1204483333333335">
        <ele>47.632025498387534</ele>
        <time>2024-09-01T12:43:57.648Z</time>
      </trkpt>
      <trkpt lat="41.37585166666666" lon="2.1204033333333334">
        <ele>44.7320621307482</ele>
        <time>2024-09-01T12:44:47.619Z</time>
      </trkpt>
      <trkpt lat="41.375963333333324" lon="2.1204400000000003">
        <ele>44.83208914439849</ele>
        <time>2024-09-01T12:44:58.621Z</time>
      </trkpt>
      <trkpt lat="41.37639666666667" lon="2.1201783333333335">
        <ele>46.83277072850961</ele>
        <time>2024-09-01T12:45:47.622Z</time>
      </trkpt>
      <trkpt lat="41.376365" lon="2.1201033333333332">
        <ele>46.13285525753426</ele>
        <time>2024-09-01T12:45:51.618Z</time>
      </trkpt>
      <trkpt lat="41.37644166666667" lon="2.1199616666666667">
        <ele>42.43312224870035</ele>
        <time>2024-09-01T12:46:05.617Z</time>
      </trkpt>
      <trkpt lat="41.37689" lon="2.1195999999999997">
        <ele>44.233866322307165</ele>
        <time>2024-09-01T12:46:43.644Z</time>
      </trkpt>
      <trkpt lat="41.376725" lon="2.119245">
        <ele>40.9344744580692</ele>
        <time>2024-09-01T12:47:17.618Z</time>
      </trkpt>
      <trkpt lat="41.37658" lon="2.1191999999999998">
        <ele>41.834481757804035</ele>
        <time>2024-09-01T12:47:32.638Z</time>
      </trkpt>
      <trkpt lat="41.37658" lon="2.1190233333333333">
        <ele>44.23477432231938</ele>
        <time>2024-09-01T12:47:51.657Z</time>
      </trkpt>
      <trkpt lat="41.376495000000006" lon="2.1189016666666665">
        <ele>45.13493655823727</ele>
        <time>2024-09-01T12:48:03.653Z</time>
      </trkpt>
      <trkpt lat="41.37658666666666" lon="2.1187533333333333">
        <ele>46.935222571385054</ele>
        <time>2024-09-01T12:48:20.644Z</time>
      </trkpt>
      <trkpt lat="41.37651833333333" lon="2.1185283333333333">
        <ele>46.13555808285335</ele>
        <time>2024-09-01T12:48:35.645Z</time>
      </trkpt>
      <trkpt lat="41.37686999999999" lon="2.1181766666666664">
        <ele>47.63631094621025</ele>
        <time>2024-09-01T12:49:00.641Z</time>
      </trkpt>
      <trkpt lat="41.377064999999995" lon="2.1180933333333334">
        <ele>46.23654975191396</ele>
        <time>2024-09-01T12:49:13.647Z</time>
      </trkpt>
      <trkpt lat="41.377053333333336" lon="2.1182266666666667">
        <ele>49.93712033918952</ele>
        <time>2024-09-01T12:55:19.117Z</time>
      </trkpt>
      <trkpt lat="41.37699333333333" lon="2.118258333333333">
        <ele>47.93629846419972</ele>
        <time>2024-09-01T12:55:25.078Z</time>
      </trkpt>
      <trkpt lat="41.37695166666667" lon="2.1180749999999997">
        <ele>54.936519856763105</ele>
        <time>2024-09-01T12:55:31.049Z</time>
      </trkpt>
      <trkpt lat="41.377015" lon="2.1179633333333334">
        <ele>54.236834185115214</ele>
        <time>2024-09-01T12:56:33.052Z</time>
      </trkpt>
      <trkpt lat="41.37712166666667" lon="2.1180499999999998">
        <ele>56.73670047257417</ele>
        <time>2024-09-01T12:57:50.095Z</time>
      </trkpt>
      <trkpt lat="41.37710333333333" lon="2.11771">
        <ele>85.53721707715673</ele>
        <time>2024-09-01T13:02:48.086Z</time>
      </trkpt>
      <trkpt lat="41.37716" lon="2.11793">
        <ele>63.13692570384491</ele>
        <time>2024-09-01T13:03:17.086Z</time>
      </trkpt>
      <trkpt lat="41.37706166666667" lon="2.11777">
        <ele>61.337127947371044</ele>
        <time>2024-09-01T13:05:09.096Z</time>
      </trkpt>
      <trkpt lat="41.377105" lon="2.1180766666666666">
        <ele>59.036652734440054</ele>
        <time>2024-09-01T13:11:28.089Z</time>
      </trkpt>
      <trkpt lat="41.37713" lon="2.118018333333333">
        <ele>58.636727133345275</ele>
        <time>2024-09-01T13:11:31.088Z</time>
      </trkpt>
      <trkpt lat="41.377109999999995" lon="2.1179533333333334">
        <ele>57.63684129683506</ele>
        <time>2024-09-01T13:11:39.089Z</time>
      </trkpt>
      <trkpt lat="41.37699166666666" lon="2.11806">
        <ele>58.53663062560079</ele>
        <time>2024-09-01T13:12:52.096Z</time>
      </trkpt>
      <trkpt lat="41.376956666666665" lon="2.1182916666666665">
        <ele>58.836372117319655</ele>
        <time>2024-09-01T13:13:17.088Z</time>
      </trkpt>
      <trkpt lat="41.37710666666667" lon="2.11812">
        <ele>58.83619270008673</ele>
        <time>2024-09-01T13:14:11.088Z</time>
      </trkpt>
      <trkpt lat="41.377134999999996" lon="2.1179566666666667">
        <ele>52.53689317320554</ele>
        <time>2024-09-01T13:14:57.055Z</time>
      </trkpt>
      <trkpt lat="41.37712" lon="2.118081666666667">
        <ele>52.836662930204696</ele>
        <time>2024-09-01T13:15:04.085Z</time>
      </trkpt>
      <trkpt lat="41.376655" lon="2.1186466666666663">
        <ele>48.635482623345126</ele>
        <time>2024-09-01T13:15:53.051Z</time>
      </trkpt>
      <trkpt lat="41.37661" lon="2.11889">
        <ele>51.035050286695785</ele>
        <time>2024-09-01T13:16:07.072Z</time>
      </trkpt>
      <trkpt lat="41.37649666666666" lon="2.119041666666667">
        <ele>54.43473091476471</ele>
        <time>2024-09-01T13:16:21.071Z</time>
      </trkpt>
      <trkpt lat="41.37657833333333" lon="2.1190716666666662">
        <ele>53.034714186271614</ele>
        <time>2024-09-01T13:16:39.069Z</time>
      </trkpt>
      <trkpt lat="41.37664499999999" lon="2.1194116666666667">
        <ele>51.53418287262401</ele>
        <time>2024-09-01T13:16:59.056Z</time>
      </trkpt>
      <trkpt lat="41.376864999999995" lon="2.1196800000000002">
        <ele>49.533837406222844</ele>
        <time>2024-09-01T13:17:32.101Z</time>
      </trkpt>
      <trkpt lat="41.37683833333334" lon="2.1197783333333335">
        <ele>49.73369134136869</ele>
        <time>2024-09-01T13:17:39.092Z</time>
      </trkpt>
      <trkpt lat="41.377136666666665" lon="2.1200866666666665">
        <ele>47.13330172587859</ele>
        <time>2024-09-01T13:18:14.101Z</time>
      </trkpt>
      <trkpt lat="41.37739666666666" lon="2.120636666666667">
        <ele>46.83253261633776</ele>
        <time>2024-09-01T13:18:56.099Z</time>
      </trkpt>
      <trkpt lat="41.37763333333334" lon="2.1208">
        <ele>41.5323741212329</ele>
        <time>2024-09-01T13:19:14.108Z</time>
      </trkpt>
      <trkpt lat="41.377696666666665" lon="2.1212266666666664">
        <ele>43.33170297437209</ele>
        <time>2024-09-01T13:19:41.102Z</time>
      </trkpt>
      <trkpt lat="41.37766166666667" lon="2.1214133333333334">
        <ele>47.431364814176874</ele>
        <time>2024-09-01T13:19:55.042Z</time>
      </trkpt>
      <trkpt lat="41.37803333333333" lon="2.1216983333333332">
        <ele>43.93107309104414</ele>
        <time>2024-09-01T13:20:49.088Z</time>
      </trkpt>
      <trkpt lat="41.37821333333333" lon="2.12205">
        <ele>45.43057523146264</ele>
        <time>2024-09-01T13:21:27.072Z</time>
      </trkpt>
      <trkpt lat="41.377435" lon="2.1228483333333332">
        <ele>57.62884120494027</ele>
        <time>2024-09-01T13:23:04.061Z</time>
      </trkpt>
      <trkpt lat="41.37692666666667" lon="2.123125">
        <ele>51.62810157580774</ele>
        <time>2024-09-01T13:23:56.046Z</time>
      </trkpt>
      <trkpt lat="41.376831666666675" lon="2.1233099999999996">
        <ele>54.82773870258951</ele>
        <time>2024-09-01T13:24:15.069Z</time>
      </trkpt>
      <trkpt lat="41.376683333333325" lon="2.123345">
        <ele>59.52760433802484</ele>
        <time>2024-09-01T13:25:16.075Z</time>
      </trkpt>
      <trkpt lat="41.376219999999996" lon="2.123723333333333">
        <ele>55.32674604029181</ele>
        <time>2024-09-01T13:26:04.058Z</time>
      </trkpt>
      <trkpt lat="41.37616833333333" lon="2.1238799999999998">
        <ele>62.5264389020522</ele>
        <time>2024-09-01T13:26:31.082Z</time>
      </trkpt>
      <trkpt lat="41.376198333333335" lon="2.12379">
        <ele>56.726605245622146</ele>
        <time>2024-09-01T13:27:03.088Z</time>
      </trkpt>
      <trkpt lat="41.376371666666664" lon="2.12396">
        <ele>50.126417917497236</ele>
        <time>2024-09-01T13:27:23.092Z</time>
      </trkpt>
      <trkpt lat="41.37643" lon="2.1243399999999997">
        <ele>40.72581843279927</ele>
        <time>2024-09-01T13:27:50.089Z</time>
      </trkpt>
      <trkpt lat="41.376921666666675" lon="2.12449">
        <ele>43.525802560035636</ele>
        <time>2024-09-01T13:28:17.088Z</time>
      </trkpt>
      <trkpt lat="41.376911666666665" lon="2.1246483333333335">
        <ele>46.025557524392596</ele>
        <time>2024-09-01T13:28:27.088Z</time>
      </trkpt>
      <trkpt lat="41.37610333333334" lon="2.1252066666666667">
        <ele>45.32422063108671</ele>
        <time>2024-09-01T13:29:39.101Z</time>
      </trkpt>
      <trkpt lat="41.375589999999995" lon="2.125375">
        <ele>48.42365271401854</ele>
        <time>2024-09-01T13:30:26.084Z</time>
      </trkpt>
      <trkpt lat="41.375395" lon="2.125955">
        <ele>36.62258382709915</ele>
        <time>2024-09-01T13:31:07.086Z</time>
      </trkpt>
      <trkpt lat="41.37554" lon="2.126176666666667">
        <ele>40.22228256458434</ele>
        <time>2024-09-01T13:31:47.048Z</time>
      </trkpt>
      <trkpt lat="41.375501666666665" lon="2.1260733333333333">
        <ele>40.022433966097395</ele>
        <time>2024-09-01T13:32:07.079Z</time>
      </trkpt>
      <trkpt lat="41.375550000000004" lon="2.1260183333333336">
        <ele>38.42250507374137</ele>
        <time>2024-09-01T13:32:22.099Z</time>
      </trkpt>
      <trkpt lat="41.37547166666666" lon="2.1260683333333334">
        <ele>37.42241131038366</ele>
        <time>2024-09-01T13:32:31.092Z</time>
      </trkpt>
      <trkpt lat="41.37549166666666" lon="2.1261366666666666">
        <ele>37.92232391097921</ele>
        <time>2024-09-01T13:32:46.046Z</time>
      </trkpt>
      <trkpt lat="41.37553666666666" lon="2.1260866666666667">
        <ele>42.42241500206987</ele>
        <time>2024-09-01T13:33:04.089Z</time>
      </trkpt>
      <trkpt lat="41.37543666666667" lon="2.1263566666666667">
        <ele>42.62193112953182</ele>
        <time>2024-09-01T13:33:16.089Z</time>
      </trkpt>
      <trkpt lat="41.375458333333334" lon="2.1261483333333335">
        <ele>42.42227171313261</ele>
        <time>2024-09-01T13:33:30.055Z</time>
      </trkpt>
      <trkpt lat="41.37528333333333" lon="2.1262583333333334">
        <ele>41.72203712915109</ele>
        <time>2024-09-01T13:33:44.088Z</time>
      </trkpt>
      <trkpt lat="41.37541833333333" lon="2.125875">
        <ele>40.12271403306102</ele>
        <time>2024-09-01T13:34:17.098Z</time>
      </trkpt>
      <trkpt lat="41.375503333333334" lon="2.1260683333333334">
        <ele>51.72246402919239</ele>
        <time>2024-09-01T13:34:30.092Z</time>
      </trkpt>
      <trkpt lat="41.37543333333333" lon="2.1262133333333333">
        <ele>46.222165243389206</ele>
        <time>2024-09-01T13:34:43.095Z</time>
      </trkpt>
      <trkpt lat="41.37533166666667" lon="2.126093333333333">
        <ele>9.522260966821293</ele>
        <time>2024-09-01T13:34:46.086Z</time>
      </trkpt>
      <trkpt lat="41.37541833333333" lon="2.1261183333333333">
        <ele>-11.77768079985426</ele>
        <time>2024-09-01T13:34:54.094Z</time>
      </trkpt>
      <trkpt lat="41.37540166666666" lon="2.12602">
        <ele>24.02246147690122</ele>
        <time>2024-09-01T13:35:04.079Z</time>
      </trkpt>
      <trkpt lat="41.37544666666666" lon="2.126186666666667">
        <ele>21.522219560959023</ele>
        <time>2024-09-01T13:35:21.086Z</time>
      </trkpt>
      <trkpt lat="41.375926666666665" lon="2.1260966666666667">
        <ele>24.42261549903793</ele>
        <time>2024-09-01T13:36:11.099Z</time>
      </trkpt>
      <trkpt lat="41.375840000000004" lon="2.1261116666666666">
        <ele>21.722566474202686</ele>
        <time>2024-09-01T13:36:15.091Z</time>
      </trkpt>
      <trkpt lat="41.375400000000006" lon="2.1254633333333337">
        <ele>-0.2766061305567433</ele>
        <time>2024-09-01T13:38:07.075Z</time>
      </trkpt>
      <trkpt lat="41.37551666666666" lon="2.125655">
        <ele>-24.77679427474646</ele>
        <time>2024-09-01T13:38:10.078Z</time>
      </trkpt>
      <trkpt lat="41.37540666666667" lon="2.125523333333333">
        <ele>-77.87672757050353</ele>
        <time>2024-09-01T13:38:20.089Z</time>
      </trkpt>
      <trkpt lat="41.375499999999995" lon="2.126263333333333">
        <ele>30.322169156758648</ele>
        <time>2024-09-01T13:38:54.095Z</time>
      </trkpt>
      <trkpt lat="41.37551333333334" lon="2.1261200000000002">
        <ele>46.72210777940069</ele>
        <time>2024-09-01T13:38:55.073Z</time>
      </trkpt>
      <trkpt lat="41.37550666666666" lon="2.126211666666667">
        <ele>53.62220650779784</ele>
        <time>2024-09-01T13:39:02.071Z</time>
      </trkpt>
      <trkpt lat="41.375589999999995" lon="2.1260649999999996">
        <ele>51.72239256149458</ele>
        <time>2024-09-01T13:39:43.092Z</time>
      </trkpt>
      <trkpt lat="41.375525" lon="2.1260183333333336">
        <ele>51.82252141603453</ele>
        <time>2024-09-01T13:39:50.069Z</time>
      </trkpt>
      <trkpt lat="41.37557333333333" lon="2.1260966666666667">
        <ele>51.62246959848749</ele>
        <time>2024-09-01T13:39:59.086Z</time>
      </trkpt>
      <trkpt lat="41.375585" lon="2.1260166666666667">
        <ele>48.622552215583454</ele>
        <time>2024-09-01T13:40:04.094Z</time>
      </trkpt>
      <trkpt lat="41.37564666666667" lon="2.1260366666666664">
        <ele>46.72255528478187</ele>
        <time>2024-09-01T13:40:10.068Z</time>
      </trkpt>
      <trkpt lat="41.37559833333333" lon="2.1260516666666667">
        <ele>47.02252146643578</ele>
        <time>2024-09-01T13:40:18.049Z</time>
      </trkpt>
      <trkpt lat="41.37565333333334" lon="2.126176666666667">
        <ele>40.0223361196849</ele>
        <time>2024-09-01T13:40:56.065Z</time>
      </trkpt>
      <trkpt lat="41.37559666666666" lon="2.127171666666667">
        <ele>44.22063089138169</ele>
        <time>2024-09-01T13:42:34.048Z</time>
      </trkpt>
      <trkpt lat="41.375768333333326" lon="2.127065">
        <ele>41.72089579297755</ele>
        <time>2024-09-01T13:43:07.078Z</time>
      </trkpt>
      <trkpt lat="41.375645" lon="2.127063333333333">
        <ele>42.3208489827277</ele>
        <time>2024-09-01T13:43:34.078Z</time>
      </trkpt>
      <trkpt lat="41.37555833333332" lon="2.1271816666666665">
        <ele>42.32062353418093</ele>
        <time>2024-09-01T13:43:48.073Z</time>
      </trkpt>
      <trkpt lat="41.375589999999995" lon="2.1278883333333334">
        <ele>36.01945780393009</ele>
        <time>2024-09-01T13:44:29.085Z</time>
      </trkpt>
      <trkpt lat="41.37551833333334" lon="2.1281766666666666">
        <ele>29.718927970450316</ele>
        <time>2024-09-01T13:44:51.104Z</time>
      </trkpt>
      <trkpt lat="41.37562" lon="2.128516666666667">
        <ele>26.81841284487526</ele>
        <time>2024-09-01T13:45:22.084Z</time>
      </trkpt>
      <trkpt lat="41.37567333333333" lon="2.129275">
        <ele>20.117178819224748</ele>
        <time>2024-09-01T13:46:12.088Z</time>
      </trkpt>
      <trkpt lat="41.37554166666667" lon="2.1299966666666665">
        <ele>13.815891290736346</ele>
        <time>2024-09-01T13:46:57.096Z</time>
      </trkpt>
      <trkpt lat="41.37557666666667" lon="2.130463333333333">
        <ele>33.015124171543604</ele>
        <time>2024-09-01T13:48:20.055Z</time>
      </trkpt>
      <trkpt lat="41.376448333333336" lon="2.1301666666666668">
        <ele>41.816048271748066</ele>
        <time>2024-09-01T13:50:31.076Z</time>
      </trkpt>
      <trkpt lat="41.376931666666664" lon="2.1299083333333333">
        <ele>38.31672243995096</ele>
        <time>2024-09-01T13:51:19.075Z</time>
      </trkpt>
      <trkpt lat="41.377023333333334" lon="2.1299516666666665">
        <ele>38.016714391258915</ele>
        <time>2024-09-01T13:51:27.088Z</time>
      </trkpt>
      <trkpt lat="41.37706166666667" lon="2.130371666666667">
        <ele>37.21605681877695</ele>
        <time>2024-09-01T13:51:54.098Z</time>
      </trkpt>
      <trkpt lat="41.377165" lon="2.13051">
        <ele>36.21587485626559</ele>
        <time>2024-09-01T13:52:09.096Z</time>
      </trkpt>
      <trkpt lat="41.37716999999999" lon="2.1311633333333333">
        <ele>30.414771271992343</ele>
        <time>2024-09-01T13:52:48.081Z</time>
      </trkpt>
      <trkpt lat="41.37737833333334" lon="2.1316550000000003">
        <ele>32.11406581476184</ele>
        <time>2024-09-01T13:53:22.084Z</time>
      </trkpt>
      <trkpt lat="41.37744333333333" lon="2.132143333333333">
        <ele>27.11327632077328</ele>
        <time>2024-09-01T13:53:58.079Z</time>
      </trkpt>
      <trkpt lat="41.37777833333333" lon="2.13313">
        <ele>30.01178558610934</ele>
        <time>2024-09-01T13:55:11.086Z</time>
      </trkpt>
      <trkpt lat="41.377765" lon="2.133315">
        <ele>31.511468468863704</ele>
        <time>2024-09-01T13:55:22.098Z</time>
      </trkpt>
      <trkpt lat="41.37786500000001" lon="2.1336383333333333">
        <ele>31.710987745941566</ele>
        <time>2024-09-01T13:55:45.084Z</time>
      </trkpt>
      <trkpt lat="41.377825" lon="2.1338516666666667">
        <ele>32.51059174375605</ele>
        <time>2024-09-01T13:55:57.096Z</time>
      </trkpt>
      <trkpt lat="41.37790833333334" lon="2.1342566666666665">
        <ele>31.10995976225783</ele>
        <time>2024-09-01T13:56:29.075Z</time>
      </trkpt>
      <trkpt lat="41.37802833333333" lon="2.1343900000000002">
        <ele>36.10979053796968</ele>
        <time>2024-09-01T13:56:41.052Z</time>
      </trkpt>
      <trkpt lat="41.37808" lon="2.1347283333333333">
        <ele>31.30925029756937</ele>
        <time>2024-09-01T13:57:09.088Z</time>
      </trkpt>
      <trkpt lat="41.37819666666666" lon="2.134866666666667">
        <ele>31.70907706058852</ele>
        <time>2024-09-01T13:57:22.101Z</time>
      </trkpt>
      <trkpt lat="41.37813666666666" lon="2.1350350000000002">
        <ele>33.808778771285176</ele>
        <time>2024-09-01T13:57:46.101Z</time>
      </trkpt>
      <trkpt lat="41.378283333333336" lon="2.1354583333333332">
        <ele>30.208130504219838</ele>
        <time>2024-09-01T13:58:17.062Z</time>
      </trkpt>
      <trkpt lat="41.37830166666666" lon="2.1357416666666666">
        <ele>35.30763787675985</ele>
        <time>2024-09-01T13:58:44.051Z</time>
      </trkpt>
      <trkpt lat="41.37837666666666" lon="2.1355933333333335">
        <ele>48.20793425096208</ele>
        <time>2024-09-01T13:59:12.058Z</time>
      </trkpt>
      <trkpt lat="41.37860166666666" lon="2.13558">
        <ele>50.30806468832203</ele>
        <time>2024-09-01T13:59:41.079Z</time>
      </trkpt>
      <trkpt lat="41.37873333333334" lon="2.1356666666666664">
        <ele>45.208005965157064</ele>
        <time>2024-09-01T13:59:51.068Z</time>
      </trkpt>
      <trkpt lat="41.37903333333334" lon="2.136371666666667">
        <ele>37.40698644403658</ele>
        <time>2024-09-01T14:00:45.102Z</time>
      </trkpt>
      <trkpt lat="41.37853833333334" lon="2.1367883333333335">
        <ele>42.00603928878466</ele>
        <time>2024-09-01T14:01:51.079Z</time>
      </trkpt>
      <trkpt lat="41.37856" lon="2.136915">
        <ele>38.50584196787128</ele>
        <time>2024-09-01T14:01:59.096Z</time>
      </trkpt>
      <trkpt lat="41.378879999999995" lon="2.13733">
        <ele>29.20528958414522</ele>
        <time>2024-09-01T14:02:47.082Z</time>
      </trkpt>
      <trkpt lat="41.379081666666664" lon="2.1380416666666666">
        <ele>33.40420041634966</ele>
        <time>2024-09-01T14:03:42.085Z</time>
      </trkpt>
      <trkpt lat="41.378973333333334" lon="2.138361666666667">
        <ele>38.20360349967777</ele>
        <time>2024-09-01T14:04:07.042Z</time>
      </trkpt>
      <trkpt lat="41.37902333333333" lon="2.1384866666666666">
        <ele>36.30343433665453</ele>
        <time>2024-09-01T14:04:18.055Z</time>
      </trkpt>
      <trkpt lat="41.37900333333334" lon="2.13894">
        <ele>37.20267497281348</ele>
        <time>2024-09-01T14:04:46.062Z</time>
      </trkpt>
      <trkpt lat="41.379073333333324" lon="2.139135">
        <ele>44.60236148426431</ele>
        <time>2024-09-01T14:05:01.084Z</time>
      </trkpt>
      <trkpt lat="41.37871499999999" lon="2.1393750000000002">
        <ele>41.801778630887576</ele>
        <time>2024-09-01T14:05:38.071Z</time>
      </trkpt>
      <trkpt lat="41.37868333333333" lon="2.1396450000000002">
        <ele>40.40131797520398</ele>
        <time>2024-09-01T14:06:02.095Z</time>
      </trkpt>
      <trkpt lat="41.37857333333333" lon="2.1398099999999998">
        <ele>40.80098043779402</ele>
        <time>2024-09-01T14:06:23.092Z</time>
      </trkpt>
      <trkpt lat="41.378326666666666" lon="2.1397">
        <ele>39.90103137938615</ele>
        <time>2024-09-01T14:06:47.108Z</time>
      </trkpt>
      <trkpt lat="41.37839166666666" lon="2.13973">
        <ele>41.30101955401624</ele>
        <time>2024-09-01T14:07:00.104Z</time>
      </trkpt>
      <trkpt lat="41.37837666666666" lon="2.1401966666666667">
        <ele>41.000238896098054</ele>
        <time>2024-09-01T14:07:02.089Z</time>
      </trkpt>
      <trkpt lat="41.37840166666667" lon="2.1397566666666665">
        <ele>40.90021987664155</ele>
        <time>2024-09-01T14:07:03.076Z</time>
      </trkpt>
      <trkpt lat="41.378386666666664" lon="2.140218333333333">
        <ele>41.50097033977561</ele>
        <time>2024-09-01T14:07:04.072Z</time>
      </trkpt>
      <trkpt lat="41.37845666666667" lon="2.140401666666667">
        <ele>40.999939935356046</ele>
        <time>2024-09-01T14:07:15.088Z</time>
      </trkpt>
      <trkpt lat="41.37851333333333" lon="2.140405">
        <ele>40.999956317511916</ele>
        <time>2024-09-01T14:07:20.089Z</time>
      </trkpt>
      <trkpt lat="41.37904333333333" lon="2.139135">
        <ele>36.00233887653272</ele>
        <time>2024-09-01T15:06:14.099Z</time>
      </trkpt>
      <trkpt lat="41.378926666666665" lon="2.1386866666666666">
        <ele>28.10300716831258</ele>
        <time>2024-09-01T15:06:49.105Z</time>
      </trkpt>
      <trkpt lat="41.378965" lon="2.1382866666666667">
        <ele>28.203708906550858</ele>
        <time>2024-09-01T15:07:20.081Z</time>
      </trkpt>
      <trkpt lat="41.37922333333333" lon="2.1381133333333335">
        <ele>30.904128839904587</ele>
        <time>2024-09-01T15:07:48.098Z</time>
      </trkpt>
      <trkpt lat="41.379238333333326" lon="2.1382216666666665">
        <ele>30.90410059895853</ele>
        <time>2024-09-01T15:08:25.086Z</time>
      </trkpt>
      <trkpt lat="41.379288333333335" lon="2.1381983333333334">
        <ele>35.904024538018376</ele>
        <time>2024-09-01T15:08:32.092Z</time>
      </trkpt>
      <trkpt lat="41.37974333333333" lon="2.137891666666667">
        <ele>38.704766495785606</ele>
        <time>2024-09-01T15:09:27.098Z</time>
      </trkpt>
      <trkpt lat="41.379895000000005" lon="2.1376350000000004">
        <ele>35.605257969003645</ele>
        <time>2024-09-01T15:09:52.092Z</time>
      </trkpt>
      <trkpt lat="41.38063333333333" lon="2.1372416666666667">
        <ele>42.50631003005516</ele>
        <time>2024-09-01T15:10:58.091Z</time>
      </trkpt>
      <trkpt lat="41.38075666666667" lon="2.137091666666667">
        <ele>39.506617101900446</ele>
        <time>2024-09-01T15:11:14.088Z</time>
      </trkpt>
      <trkpt lat="41.38110666666667" lon="2.137025">
        <ele>44.40690064208566</ele>
        <time>2024-09-01T15:11:47.062Z</time>
      </trkpt>
      <trkpt lat="41.381209999999996" lon="2.136791666666667">
        <ele>48.50735417293305</ele>
        <time>2024-09-01T15:12:03.071Z</time>
      </trkpt>
      <trkpt lat="41.381800000000005" lon="2.136505">
        <ele>42.10813063309739</ele>
        <time>2024-09-01T15:12:54.092Z</time>
      </trkpt>
      <trkpt lat="41.382" lon="2.1361733333333333">
        <ele>44.00877659009398</ele>
        <time>2024-09-01T15:13:22.102Z</time>
      </trkpt>
      <trkpt lat="41.38217666666666" lon="2.136105">
        <ele>44.309005684413265</ele>
        <time>2024-09-01T15:13:52.062Z</time>
      </trkpt>
      <trkpt lat="41.381978333333336" lon="2.135923333333333">
        <ele>45.30919319441344</ele>
        <time>2024-09-01T15:14:29.082Z</time>
      </trkpt>
      <trkpt lat="41.381811666666664" lon="2.1352616666666666">
        <ele>41.31021860682111</ele>
        <time>2024-09-01T15:15:24.051Z</time>
      </trkpt>
      <trkpt lat="41.381674999999994" lon="2.1355116666666665">
        <ele>39.9097658782642</ele>
        <time>2024-09-01T15:16:30.053Z</time>
      </trkpt>
      <trkpt lat="41.381766666666664" lon="2.1357716666666664">
        <ele>39.709373033851186</ele>
        <time>2024-09-01T15:16:52.075Z</time>
      </trkpt>
      <trkpt lat="41.38172666666666" lon="2.1359350000000004">
        <ele>42.009089372547365</ele>
        <time>2024-09-01T15:17:04.081Z</time>
      </trkpt>
      <trkpt lat="41.381629999999994" lon="2.13592">
        <ele>42.409013587852876</ele>
        <time>2024-09-01T15:17:18.061Z</time>
      </trkpt>
    </trkseg>
  </trk>
  <trk>
    <trkseg>
      <trkpt lat="41.37697166666667" lon="2.1765183333333336">
        <ele>5.038641991682383</ele>
        <time>2024-09-01T15:34:05.076Z</time>
      </trkpt>
      <trkpt lat="41.376426666666674" lon="2.1771716666666667">
        <ele>2.9372733200988037</ele>
        <time>2024-09-01T15:35:12.082Z</time>
      </trkpt>
      <trkpt lat="41.37597000000001" lon="2.177565">
        <ele>6.436403623287681</ele>
        <time>2024-09-01T15:37:00.084Z</time>
      </trkpt>
      <trkpt lat="41.37596833333334" lon="2.177801666666667">
        <ele>4.2360019807756615</ele>
        <time>2024-09-01T15:37:21.095Z</time>
      </trkpt>
      <trkpt lat="41.375873333333324" lon="2.178025">
        <ele>5.435582425091667</ele>
        <time>2024-09-01T15:37:40.052Z</time>
      </trkpt>
      <trkpt lat="41.375726666666665" lon="2.1779300000000004">
        <ele>5.93565749932074</ele>
        <time>2024-09-01T15:38:25.042Z</time>
      </trkpt>
      <trkpt lat="41.375771666666665" lon="2.17801">
        <ele>9.535541290896319</ele>
        <time>2024-09-01T15:40:35.043Z</time>
      </trkpt>
      <trkpt lat="41.37571666666666" lon="2.177966666666667">
        <ele>10.335575003321125</ele>
        <time>2024-09-01T15:40:50.078Z</time>
      </trkpt>
      <trkpt lat="41.37551499999999" lon="2.178478333333333">
        <ele>5.93465357968789</ele>
        <time>2024-09-01T15:42:12.085Z</time>
      </trkpt>
      <trkpt lat="41.37556500000001" lon="2.1788933333333333">
        <ele>3.1339847380613364</ele>
        <time>2024-09-01T15:42:46.085Z</time>
      </trkpt>
      <trkpt lat="41.37574500000001" lon="2.179095">
        <ele>5.933718737928771</ele>
        <time>2024-09-01T15:43:12.085Z</time>
      </trkpt>
      <trkpt lat="41.37584833333334" lon="2.179405">
        <ele>9.633245867042959</ele>
        <time>2024-09-01T15:43:44.075Z</time>
      </trkpt>
      <trkpt lat="41.376131666666666" lon="2.179485">
        <ele>6.233236160763163</ele>
        <time>2024-09-01T15:44:14.075Z</time>
      </trkpt>
      <trkpt lat="41.37647333333333" lon="2.1797433333333336">
        <ele>5.2329616478469845</ele>
        <time>2024-09-01T15:44:52.094Z</time>
      </trkpt>
      <trkpt lat="41.3773" lon="2.1804866666666665">
        <ele>8.932108709553233</ele>
        <time>2024-09-01T15:46:32.072Z</time>
      </trkpt>
      <trkpt lat="41.37739833333333" lon="2.18049">
        <ele>3.6321325578345878</ele>
        <time>2024-09-01T15:46:45.053Z</time>
      </trkpt>
      <trkpt lat="41.37740999999999" lon="2.1805783333333335">
        <ele>6.53200045140089</ele>
        <time>2024-09-01T15:47:00.086Z</time>
      </trkpt>
      <trkpt lat="41.377371666666676" lon="2.1805383333333332">
        <ele>6.032050478346839</ele>
        <time>2024-09-01T15:47:22.079Z</time>
      </trkpt>
      <trkpt lat="41.37927833333333" lon="2.1819716666666666">
        <ele>1.730535092219327</ele>
        <time>2024-09-01T15:53:56.091Z</time>
      </trkpt>
      <trkpt lat="41.37947333333333" lon="2.182205">
        <ele>0.7302701866715609</ele>
        <time>2024-09-01T15:54:32.075Z</time>
      </trkpt>
      <trkpt lat="41.37963500000001" lon="2.18226">
        <ele>1.430212037573746</ele>
        <time>2024-09-01T15:54:40.076Z</time>
      </trkpt>
      <trkpt lat="41.379581666666674" lon="2.182243333333333">
        <ele>4.630217043755813</ele>
        <time>2024-09-01T15:55:00.052Z</time>
      </trkpt>
      <trkpt lat="41.37954500000001" lon="2.1823866666666665">
        <ele>5.630229006743775</ele>
        <time>2024-09-01T15:57:19.055Z</time>
      </trkpt>
      <trkpt lat="41.37961166666667" lon="2.182243333333333">
        <ele>6.630221850507404</ele>
        <time>2024-09-01T15:58:36.082Z</time>
      </trkpt>
      <trkpt lat="41.379839999999994" lon="2.1825416666666664">
        <ele>8.229844617248446</ele>
        <time>2024-09-01T16:00:23.092Z</time>
      </trkpt>
      <trkpt lat="41.380075000000005" lon="2.1826716666666663">
        <ele>7.529728766370823</ele>
        <time>2024-09-01T16:00:46.075Z</time>
      </trkpt>
      <trkpt lat="41.38036333333333" lon="2.1830149999999997">
        <ele>2.7292922897443432</ele>
        <time>2024-09-01T16:01:24.092Z</time>
      </trkpt>
      <trkpt lat="41.38068166666667" lon="2.1838533333333334">
        <ele>4.828037237118004</ele>
        <time>2024-09-01T16:02:44.089Z</time>
      </trkpt>
      <trkpt lat="41.38076666666666" lon="2.1838566666666663">
        <ele>3.628063247826695</ele>
        <time>2024-09-01T16:02:56.051Z</time>
      </trkpt>
      <trkpt lat="41.38091166666666" lon="2.18472">
        <ele>1.8266769830302039</ele>
        <time>2024-09-01T16:04:28.092Z</time>
      </trkpt>
      <trkpt lat="41.381494999999994" lon="2.185328333333333">
        <ele>5.925942202044737</ele>
        <time>2024-09-01T16:05:43.091Z</time>
      </trkpt>
      <trkpt lat="41.38106166666667" lon="2.1860316666666666">
        <ele>3.924539409635095</ele>
        <time>2024-09-01T16:07:04.065Z</time>
      </trkpt>
      <trkpt lat="41.38084666666667" lon="2.1865783333333337">
        <ele>1.2235347969454011</ele>
        <time>2024-09-01T16:07:50.094Z</time>
      </trkpt>
      <trkpt lat="41.380495" lon="2.186976666666667">
        <ele>4.522699602905924</ele>
        <time>2024-09-01T16:08:31.095Z</time>
      </trkpt>
      <trkpt lat="41.37836333333333" lon="2.1877350000000004">
        <ele>11.320429261956178</ele>
        <time>2024-09-01T16:12:11.072Z</time>
      </trkpt>
      <trkpt lat="41.375881666666665" lon="2.1887616666666667">
        <ele>5.717569694532472</ele>
        <time>2024-09-01T16:16:21.081Z</time>
      </trkpt>
      <trkpt lat="41.37526166666667" lon="2.188785">
        <ele>9.917238677088115</ele>
        <time>2024-09-01T16:17:21.059Z</time>
      </trkpt>
      <trkpt lat="41.37521" lon="2.1891233333333333">
        <ele>6.716658376483998</ele>
        <time>2024-09-01T16:17:48.085Z</time>
      </trkpt>
      <trkpt lat="41.374901666666666" lon="2.1894">
        <ele>5.716055214616787</ele>
        <time>2024-09-01T16:18:26.075Z</time>
      </trkpt>
      <trkpt lat="41.37457833333333" lon="2.1895433333333334">
        <ele>1.3156590179044017</ele>
        <time>2024-09-01T16:18:58.088Z</time>
      </trkpt>
      <trkpt lat="41.37416499999999" lon="2.1895000000000002">
        <ele>6.5155374552692535</ele>
        <time>2024-09-01T16:19:38.081Z</time>
      </trkpt>
      <trkpt lat="41.37412166666666" lon="2.1895949999999997">
        <ele>4.515313894390523</ele>
        <time>2024-09-01T16:21:07.049Z</time>
      </trkpt>
      <trkpt lat="41.374141666666674" lon="2.18961">
        <ele>5.315322276662535</ele>
        <time>2024-09-01T16:21:54.075Z</time>
      </trkpt>
      <trkpt lat="41.374366666666674" lon="2.1897033333333336">
        <ele>5.4152828289536075</ele>
        <time>2024-09-01T16:22:33.071Z</time>
      </trkpt>
      <trkpt lat="41.37438999999999" lon="2.1896199999999997">
        <ele>7.415408089147924</ele>
        <time>2024-09-01T16:32:10.076Z</time>
      </trkpt>
      <trkpt lat="41.37469333333333" lon="2.189826666666667">
        <ele>2.8152309854031756</ele>
        <time>2024-09-01T16:37:06.059Z</time>
      </trkpt>
      <trkpt lat="41.37576166666666" lon="2.190245">
        <ele>5.615008731840554</ele>
        <time>2024-09-01T16:39:01.059Z</time>
      </trkpt>
      <trkpt lat="41.375949999999996" lon="2.190131666666667">
        <ele>14.215265867092256</ele>
        <time>2024-09-01T16:39:21.055Z</time>
      </trkpt>
      <trkpt lat="41.376331666666665" lon="2.190123333333333">
        <ele>12.215470533687949</ele>
        <time>2024-09-01T16:40:06.082Z</time>
      </trkpt>
      <trkpt lat="41.376558333333335" lon="2.1899133333333336">
        <ele>14.91592312802581</ele>
        <time>2024-09-01T16:40:26.079Z</time>
      </trkpt>
      <trkpt lat="41.376651666666675" lon="2.190026666666667">
        <ele>13.315808502028574</ele>
        <time>2024-09-01T16:40:34.072Z</time>
      </trkpt>
      <trkpt lat="41.37681166666666" lon="2.1907733333333335">
        <ele>14.31462483939643</ele>
        <time>2024-09-01T16:43:07.079Z</time>
      </trkpt>
      <trkpt lat="41.377165" lon="2.191033333333333">
        <ele>6.914333084327694</ele>
        <time>2024-09-01T16:43:50.091Z</time>
      </trkpt>
      <trkpt lat="41.377596666666676" lon="2.190955">
        <ele>5.114660308516264</ele>
        <time>2024-09-01T16:44:34.082Z</time>
      </trkpt>
      <trkpt lat="41.37775499999999" lon="2.191195">
        <ele>4.514332035502015</ele>
        <time>2024-09-01T16:45:03.058Z</time>
      </trkpt>
      <trkpt lat="41.37809333333333" lon="2.1911116666666666">
        <ele>11.114606385677078</ele>
        <time>2024-09-01T16:45:34.081Z</time>
      </trkpt>
      <trkpt lat="41.378519999999995" lon="2.1908416666666666">
        <ele>18.515257102252676</ele>
        <time>2024-09-01T16:46:20.079Z</time>
      </trkpt>
      <trkpt lat="41.378698333333325" lon="2.1909216666666667">
        <ele>15.015215147299777</ele>
        <time>2024-09-01T16:48:12.084Z</time>
      </trkpt>
      <trkpt lat="41.37867500000001" lon="2.1908133333333333">
        <ele>10.815376050726911</ele>
        <time>2024-09-01T16:48:26.073Z</time>
      </trkpt>
      <trkpt lat="41.37923666666667" lon="2.190593333333333">
        <ele>5.916020045975394</ele>
        <time>2024-09-01T16:49:13.088Z</time>
      </trkpt>
      <trkpt lat="41.37932666666667" lon="2.1904683333333335">
        <ele>4.31626256373373</ele>
        <time>2024-09-01T16:49:25.075Z</time>
      </trkpt>
      <trkpt lat="41.37952833333334" lon="2.190865">
        <ele>6.015695213534194</ele>
        <time>2024-09-01T16:49:56.082Z</time>
      </trkpt>
      <trkpt lat="41.380285" lon="2.190533333333333">
        <ele>12.816600837280895</ele>
        <time>2024-09-01T16:51:07.075Z</time>
      </trkpt>
      <trkpt lat="41.380378333333326" lon="2.1907300000000003">
        <ele>9.016337947997918</ele>
        <time>2024-09-01T16:51:22.065Z</time>
      </trkpt>
      <trkpt lat="41.38030666666667" lon="2.1909883333333338">
        <ele>8.115999269606824</ele>
        <time>2024-09-01T16:51:53.075Z</time>
      </trkpt>
      <trkpt lat="41.38033" lon="2.1908683333333334">
        <ele>8.115931473539419</ele>
        <time>2024-09-01T16:51:56.082Z</time>
      </trkpt>
      <trkpt lat="41.380399999999995" lon="2.1908583333333334">
        <ele>4.016112443157361</ele>
        <time>2024-09-01T16:52:10.052Z</time>
      </trkpt>
      <trkpt lat="41.38039833333334" lon="2.1907133333333335">
        <ele>10.116334391569922</ele>
        <time>2024-09-01T16:54:19.062Z</time>
      </trkpt>
      <trkpt lat="41.38075833333334" lon="2.190475">
        <ele>14.016902722892922</ele>
        <time>2024-09-01T16:55:02.078Z</time>
      </trkpt>
      <trkpt lat="41.38166666666666" lon="2.1903750000000004">
        <ele>23.317498383650424</ele>
        <time>2024-09-01T16:56:27.073Z</time>
      </trkpt>
      <trkpt lat="41.38209" lon="2.1900899999999996">
        <ele>15.918166290051843</ele>
        <time>2024-09-01T16:57:14.084Z</time>
      </trkpt>
      <trkpt lat="41.38256166666667" lon="2.1899616666666666">
        <ele>18.1186021286795</ele>
        <time>2024-09-01T16:57:57.071Z</time>
      </trkpt>
      <trkpt lat="41.38335" lon="2.189531666666667">
        <ele>8.91969404961094</ele>
        <time>2024-09-01T16:59:20.101Z</time>
      </trkpt>
      <trkpt lat="41.382911666666665" lon="2.18843">
        <ele>7.421323425076977</ele>
        <time>2024-09-01T17:00:56.052Z</time>
      </trkpt>
      <trkpt lat="41.38231333333333" lon="2.1871666666666667">
        <ele>11.723189551853153</ele>
        <time>2024-09-01T17:02:43.082Z</time>
      </trkpt>
      <trkpt lat="41.38224833333334" lon="2.1872">
        <ele>12.523210378496564</ele>
        <time>2024-09-01T17:03:26.063Z</time>
      </trkpt>
      <trkpt lat="41.38289833333333" lon="2.1866966666666667">
        <ele>13.424274765358128</ele>
        <time>2024-09-01T17:08:13.048Z</time>
      </trkpt>
      <trkpt lat="41.38270166666666" lon="2.18655">
        <ele>18.62440021086075</ele>
        <time>2024-09-01T17:08:43.092Z</time>
      </trkpt>
      <trkpt lat="41.38256" lon="2.186123333333333">
        <ele>4.325062161315422</ele>
        <time>2024-09-01T17:09:13.048Z</time>
      </trkpt>
      <trkpt lat="41.382425" lon="2.1860933333333334">
        <ele>7.5250353118202185</ele>
        <time>2024-09-01T17:09:28.091Z</time>
      </trkpt>
      <trkpt lat="41.38283499999999" lon="2.1854283333333333">
        <ele>5.426362858871016</ele>
        <time>2024-09-01T17:10:17.082Z</time>
      </trkpt>
      <trkpt lat="41.382625000000004" lon="2.1852050000000003">
        <ele>5.726636984135453</ele>
        <time>2024-09-01T17:10:43.078Z</time>
      </trkpt>
      <trkpt lat="41.382645000000004" lon="2.1847100000000004">
        <ele>7.027466000209849</ele>
        <time>2024-09-01T17:11:17.082Z</time>
      </trkpt>
      <trkpt lat="41.38292" lon="2.18419">
        <ele>6.928468326467602</ele>
        <time>2024-09-01T17:11:57.081Z</time>
      </trkpt>
      <trkpt lat="41.383140000000004" lon="2.1840033333333335">
        <ele>4.228903484728342</ele>
        <time>2024-09-01T17:12:26.085Z</time>
      </trkpt>
      <trkpt lat="41.38331" lon="2.1837066666666667">
        <ele>8.629479919907055</ele>
        <time>2024-09-01T17:12:53.068Z</time>
      </trkpt>
      <trkpt lat="41.38361666666666" lon="2.183905">
        <ele>5.2293021785541</ele>
        <time>2024-09-01T17:13:24.059Z</time>
      </trkpt>
      <trkpt lat="41.38365333333333" lon="2.184051666666667">
        <ele>10.229105298281475</ele>
        <time>2024-09-01T17:13:34.046Z</time>
      </trkpt>
      <trkpt lat="41.38381" lon="2.1841783333333336">
        <ele>14.328943962179046</ele>
        <time>2024-09-01T17:13:54.061Z</time>
      </trkpt>
      <trkpt lat="41.38425666666667" lon="2.184415">
        <ele>-1.2712641437920809</ele>
        <time>2024-09-01T17:14:40.076Z</time>
      </trkpt>
      <trkpt lat="41.38444333333334" lon="2.1840466666666667">
        <ele>-0.6705759206674742</ele>
        <time>2024-09-01T17:15:14.082Z</time>
      </trkpt>
      <trkpt lat="41.38467833333334" lon="2.183981666666667">
        <ele>3.929659293984315</ele>
        <time>2024-09-01T17:15:33.086Z</time>
      </trkpt>
      <trkpt lat="41.384765" lon="2.183815">
        <ele>4.72997029244663</ele>
        <time>2024-09-01T17:15:47.088Z</time>
      </trkpt>
      <trkpt lat="41.384945" lon="2.184005">
        <ele>8.92976280711543</ele>
        <time>2024-09-01T17:16:10.063Z</time>
      </trkpt>
      <trkpt lat="41.38506833333333" lon="2.1839749999999998">
        <ele>12.729862971025874</ele>
        <time>2024-09-01T17:16:22.092Z</time>
      </trkpt>
      <trkpt lat="41.385191666666664" lon="2.1842333333333332">
        <ele>18.829529945669798</ele>
        <time>2024-09-01T17:16:37.076Z</time>
      </trkpt>
      <trkpt lat="41.385279999999995" lon="2.1838933333333332">
        <ele>22.229996425452363</ele>
        <time>2024-09-01T17:16:50.078Z</time>
      </trkpt>
      <trkpt lat="41.38513" lon="2.183581666666667">
        <ele>24.73053013092973</ele>
        <time>2024-09-01T17:16:57.088Z</time>
      </trkpt>
      <trkpt lat="41.385005" lon="2.183666666666667">
        <ele>26.030353648156463</ele>
        <time>2024-09-01T17:17:01.088Z</time>
      </trkpt>
      <trkpt lat="41.38478333333334" lon="2.184096666666667">
        <ele>28.82960380106919</ele>
        <time>2024-09-01T17:17:13.082Z</time>
      </trkpt>
      <trkpt lat="41.385054999999994" lon="2.184115">
        <ele>29.02952041596155</ele>
        <time>2024-09-01T17:20:47.085Z</time>
      </trkpt>
      <trkpt lat="41.384955000000005" lon="2.1842966666666666">
        <ele>25.629493196943343</ele>
        <time>2024-09-01T17:20:49.085Z</time>
      </trkpt>
      <trkpt lat="41.385098333333325" lon="2.1843033333333333">
        <ele>49.62933406688032</ele>
        <time>2024-09-01T17:20:59.072Z</time>
      </trkpt>
      <trkpt lat="41.384555" lon="2.1839483333333334">
        <ele>49.629319068459736</ele>
        <time>2024-09-01T17:22:16.075Z</time>
      </trkpt>
      <trkpt lat="41.38446833333334" lon="2.183985">
        <ele>46.929565038608615</ele>
        <time>2024-09-01T17:22:24.098Z</time>
      </trkpt>
      <trkpt lat="41.38478166666667" lon="2.1836333333333333">
        <ele>48.12956162689796</ele>
        <time>2024-09-01T17:28:00.069Z</time>
      </trkpt>
      <trkpt lat="41.384885000000004" lon="2.183831666666667">
        <ele>41.23008108894816</ele>
        <time>2024-09-01T17:28:02.085Z</time>
      </trkpt>
      <trkpt lat="41.38494000000001" lon="2.1838083333333334">
        <ele>37.33007163473192</ele>
        <time>2024-09-01T17:28:07.079Z</time>
      </trkpt>
      <trkpt lat="41.384945" lon="2.1834883333333335">
        <ele>46.53060260994891</ele>
        <time>2024-09-01T17:28:21.099Z</time>
      </trkpt>
      <trkpt lat="41.384820000000005" lon="2.1834233333333333">
        <ele>54.230658264683214</ele>
        <time>2024-09-01T17:28:25.092Z</time>
      </trkpt>
      <trkpt lat="41.38468666666666" lon="2.1835283333333333">
        <ele>54.43045604753157</ele>
        <time>2024-09-01T17:28:37.059Z</time>
      </trkpt>
      <trkpt lat="41.384730000000005" lon="2.183628333333333">
        <ele>50.03030794796093</ele>
        <time>2024-09-01T17:28:43.058Z</time>
      </trkpt>
      <trkpt lat="41.38461666666667" lon="2.1835999999999998">
        <ele>42.53028264482775</ele>
        <time>2024-09-01T17:28:55.085Z</time>
      </trkpt>
      <trkpt lat="41.384660000000004" lon="2.1834716666666667">
        <ele>40.630487308978466</ele>
        <time>2024-09-01T17:29:02.069Z</time>
      </trkpt>
      <trkpt lat="41.38477666666666" lon="2.18352">
        <ele>38.63046190285225</ele>
        <time>2024-09-01T17:29:09.092Z</time>
      </trkpt>
      <trkpt lat="41.38476333333333" lon="2.1830016666666667">
        <ele>38.630489040153286</ele>
        <time>2024-09-01T17:31:00.065Z</time>
      </trkpt>
      <trkpt lat="41.384998333333336" lon="2.1836766666666665">
        <ele>11.230844183545017</ele>
        <time>2024-09-01T17:31:11.085Z</time>
      </trkpt>
      <trkpt lat="41.38482166666666" lon="2.183961666666667">
        <ele>-3.7702334296596334</ele>
        <time>2024-09-01T17:31:25.096Z</time>
      </trkpt>
      <trkpt lat="41.38494833333333" lon="2.183876666666667">
        <ele>4.2299392817682815</ele>
        <time>2024-09-01T17:31:51.059Z</time>
      </trkpt>
      <trkpt lat="41.38502666666667" lon="2.1839533333333336">
        <ele>10.229852556725994</ele>
        <time>2024-09-01T17:32:08.059Z</time>
      </trkpt>
      <trkpt lat="41.384918333333324" lon="2.1841033333333333">
        <ele>8.729562482139379</ele>
        <time>2024-09-01T17:33:34.073Z</time>
      </trkpt>
      <trkpt lat="41.385011666666664" lon="2.1840633333333335">
        <ele>12.729672359945994</ele>
        <time>2024-09-01T17:34:27.062Z</time>
      </trkpt>
      <trkpt lat="41.38497166666666" lon="2.1839866666666667">
        <ele>12.829752909534378</ele>
        <time>2024-09-01T17:34:55.058Z</time>
      </trkpt>
      <trkpt lat="41.384976666666674" lon="2.18418">
        <ele>11.52946861782273</ele>
        <time>2024-09-01T17:35:12.085Z</time>
      </trkpt>
      <trkpt lat="41.38487166666667" lon="2.184105">
        <ele>11.729545550519042</ele>
        <time>2024-09-01T17:36:17.075Z</time>
      </trkpt>
      <trkpt lat="41.38514" lon="2.1839116666666665">
        <ele>10.22998068886632</ele>
        <time>2024-09-01T17:37:41.055Z</time>
      </trkpt>
      <trkpt lat="41.38598333333333" lon="2.1826833333333338">
        <ele>13.532453467807997</ele>
        <time>2024-09-01T17:39:53.058Z</time>
      </trkpt>
      <trkpt lat="41.385818333333326" lon="2.18236">
        <ele>7.632928048505647</ele>
        <time>2024-09-01T17:40:31.059Z</time>
      </trkpt>
      <trkpt lat="41.385863333333326" lon="2.1823233333333336">
        <ele>11.43299954188327</ele>
        <time>2024-09-01T17:41:24.086Z</time>
      </trkpt>
      <trkpt lat="41.385651666666675" lon="2.18229">
        <ele>5.432963474700003</ele>
        <time>2024-09-01T17:41:44.062Z</time>
      </trkpt>
      <trkpt lat="41.385695000000005" lon="2.1820133333333334">
        <ele>3.933443916947965</ele>
        <time>2024-09-01T17:41:56.088Z</time>
      </trkpt>
      <trkpt lat="41.38540666666666" lon="2.1821316666666664">
        <ele>0.7331558904026423</ele>
        <time>2024-09-01T17:42:06.072Z</time>
      </trkpt>
      <trkpt lat="41.38535166666667" lon="2.182043333333333">
        <ele>-0.5668424001410202</ele>
        <time>2024-09-01T17:42:08.065Z</time>
      </trkpt>
      <trkpt lat="41.38562166666667" lon="2.1819216666666668">
        <ele>-3.96643858048715</ele>
        <time>2024-09-01T17:42:24.073Z</time>
      </trkpt>
      <trkpt lat="41.385731666666665" lon="2.1815700000000002">
        <ele>5.934175519720917</ele>
        <time>2024-09-01T17:42:44.082Z</time>
      </trkpt>
      <trkpt lat="41.38567833333333" lon="2.1813483333333332">
        <ele>11.934563970642735</ele>
        <time>2024-09-01T17:43:04.051Z</time>
      </trkpt>
      <trkpt lat="41.385385" lon="2.180873333333333">
        <ele>3.735208855699298</ele>
        <time>2024-09-01T17:43:49.069Z</time>
      </trkpt>
      <trkpt lat="41.38528833333333" lon="2.180826666666667">
        <ele>6.33527164244294</ele>
        <time>2024-09-01T17:44:01.088Z</time>
      </trkpt>
      <trkpt lat="41.385185" lon="2.180911666666667">
        <ele>4.83514513165612</ele>
        <time>2024-09-01T17:44:07.092Z</time>
      </trkpt>
      <trkpt lat="41.38525833333333" lon="2.1807983333333336">
        <ele>0.535243477216774</ele>
        <time>2024-09-01T17:44:10.092Z</time>
      </trkpt>
      <trkpt lat="41.385266666666666" lon="2.1805299999999996">
        <ele>-5.764280868136723</ele>
        <time>2024-09-01T17:44:26.052Z</time>
      </trkpt>
      <trkpt lat="41.38564833333333" lon="2.180293333333333">
        <ele>2.4363183767534693</ele>
        <time>2024-09-01T17:44:58.081Z</time>
      </trkpt>
      <trkpt lat="41.38567666666666" lon="2.180023333333333">
        <ele>0.2367706000172376</ele>
        <time>2024-09-01T17:45:20.089Z</time>
      </trkpt>
      <trkpt lat="41.385786666666675" lon="2.1799000000000004">
        <ele>4.437041597547832</ele>
        <time>2024-09-01T17:45:34.066Z</time>
      </trkpt>
      <trkpt lat="41.38564833333333" lon="2.1798116666666667">
        <ele>4.237142018828408</ele>
        <time>2024-09-01T17:45:51.069Z</time>
      </trkpt>
      <trkpt lat="41.38594" lon="2.179586666666667">
        <ele>3.437646647440708</ele>
        <time>2024-09-01T17:46:21.088Z</time>
      </trkpt>
      <trkpt lat="41.38597" lon="2.1794000000000002">
        <ele>2.637961278831696</ele>
        <time>2024-09-01T17:46:32.088Z</time>
      </trkpt>
      <trkpt lat="41.38579166666667" lon="2.179011666666667">
        <ele>7.438538770496045</ele>
        <time>2024-09-01T17:46:59.063Z</time>
      </trkpt>
      <trkpt lat="41.385545" lon="2.17898">
        <ele>16.93847796852895</ele>
        <time>2024-09-01T17:47:23.069Z</time>
      </trkpt>
      <trkpt lat="41.385641666666665" lon="2.17854">
        <ele>15.039266362147963</ele>
        <time>2024-09-01T17:47:49.089Z</time>
      </trkpt>
      <trkpt lat="41.38589333333333" lon="2.1783716666666666">
        <ele>9.13967485131937</ele>
        <time>2024-09-01T17:48:13.071Z</time>
      </trkpt>
      <trkpt lat="41.385953333333326" lon="2.178078333333333">
        <ele>7.4401911122810205</ele>
        <time>2024-09-01T17:48:33.065Z</time>
      </trkpt>
      <trkpt lat="41.385786666666675" lon="2.1776600000000004">
        <ele>4.640823203994486</ele>
        <time>2024-09-01T17:49:03.078Z</time>
      </trkpt>
      <trkpt lat="41.385641666666665" lon="2.177646666666667">
        <ele>3.340799675741792</ele>
        <time>2024-09-01T17:49:19.091Z</time>
      </trkpt>
      <trkpt lat="41.385785000000006" lon="2.177485">
        <ele>6.9411134505510645</ele>
        <time>2024-09-01T17:49:43.072Z</time>
      </trkpt>
      <trkpt lat="41.38561333333334" lon="2.177023333333333">
        <ele>17.341811126868777</ele>
        <time>2024-09-01T17:50:22.065Z</time>
      </trkpt>
      <trkpt lat="41.385459999999995" lon="2.176965">
        <ele>14.341851783506364</ele>
        <time>2024-09-01T17:50:39.102Z</time>
      </trkpt>
      <trkpt lat="41.38451666666666" lon="2.1755033333333333">
        <ele>11.143863644191903</ele>
        <time>2024-09-01T17:53:18.059Z</time>
      </trkpt>
      <trkpt lat="41.38453500000001" lon="2.175325">
        <ele>10.74415787951596</ele>
        <time>2024-09-01T17:53:39.073Z</time>
      </trkpt>
      <trkpt lat="41.38430166666667" lon="2.1750416666666665">
        <ele>14.244536097993013</ele>
        <time>2024-09-01T17:54:09.049Z</time>
      </trkpt>
      <trkpt lat="41.384323333333334" lon="2.174885">
        <ele>19.044808721399264</ele>
        <time>2024-09-01T17:54:27.046Z</time>
      </trkpt>
      <trkpt lat="41.384125" lon="2.174603333333333">
        <ele>11.045178069100679</ele>
        <time>2024-09-01T17:55:04.085Z</time>
      </trkpt>
      <trkpt lat="41.383936666666656" lon="2.1739216666666668">
        <ele>12.246231726530148</ele>
        <time>2024-09-01T17:55:57.056Z</time>
      </trkpt>
      <trkpt lat="41.38316499999999" lon="2.174">
        <ele>14.345762914327295</ele>
        <time>2024-09-01T17:57:08.062Z</time>
      </trkpt>
      <trkpt lat="41.382945" lon="2.1741">
        <ele>14.845503564515056</ele>
        <time>2024-09-01T17:57:36.076Z</time>
      </trkpt>
      <trkpt lat="41.38301499999999" lon="2.1739949999999997">
        <ele>14.645678670931957</ele>
        <time>2024-09-01T17:57:50.078Z</time>
      </trkpt>
      <trkpt lat="41.38289499999999" lon="2.174323333333333">
        <ele>14.645700244552621</ele>
        <time>2024-09-01T18:02:31.082Z</time>
      </trkpt>
      <trkpt lat="41.382785" lon="2.173983333333333">
        <ele>35.945545124106204</ele>
        <time>2024-09-01T18:02:38.058Z</time>
      </trkpt>
      <trkpt lat="41.382664999999996" lon="2.174161666666667">
        <ele>29.945272112327586</ele>
        <time>2024-09-01T18:02:53.086Z</time>
      </trkpt>
      <trkpt lat="41.382385000000006" lon="2.1740966666666663">
        <ele>39.345225151483774</ele>
        <time>2024-09-01T18:03:23.075Z</time>
      </trkpt>
      <trkpt lat="41.38243333333333" lon="2.1738316666666666">
        <ele>27.445669557646063</ele>
        <time>2024-09-01T18:03:39.078Z</time>
      </trkpt>
      <trkpt lat="41.38239" lon="2.173531666666667">
        <ele>22.84614417595801</ele>
        <time>2024-09-01T18:04:15.089Z</time>
      </trkpt>
      <trkpt lat="41.38263" lon="2.17336">
        <ele>20.246557350816758</ele>
        <time>2024-09-01T18:04:37.078Z</time>
      </trkpt>
      <trkpt lat="41.38285166666666" lon="2.173025">
        <ele>5.047231515583029</ele>
        <time>2024-09-01T18:05:14.073Z</time>
      </trkpt>
      <trkpt lat="41.38311166666667" lon="2.1729350000000003">
        <ele>7.347506595511462</ele>
        <time>2024-09-01T18:05:38.084Z</time>
      </trkpt>
      <trkpt lat="41.38311166666667" lon="2.1727816666666664">
        <ele>8.84776934442926</ele>
        <time>2024-09-01T18:05:48.079Z</time>
      </trkpt>
      <trkpt lat="41.383353333333325" lon="2.1725800000000004">
        <ele>14.048233756219425</ele>
        <time>2024-09-01T18:06:12.088Z</time>
      </trkpt>
      <trkpt lat="41.38333666666667" lon="2.1724633333333334">
        <ele>13.648390180345231</ele>
        <time>2024-09-01T18:06:16.078Z</time>
      </trkpt>
      <trkpt lat="41.38349333333334" lon="2.172536666666667">
        <ele>11.048381287822494</ele>
        <time>2024-09-01T18:06:36.089Z</time>
      </trkpt>
      <trkpt lat="41.383273333333335" lon="2.172483333333333">
        <ele>14.248363954146775</ele>
        <time>2024-09-01T18:06:59.086Z</time>
      </trkpt>
      <trkpt lat="41.38318833333333" lon="2.172635">
        <ele>16.048097890643547</ele>
        <time>2024-09-01T18:07:17.082Z</time>
      </trkpt>
      <trkpt lat="41.383175" lon="2.1725633333333336">
        <ele>14.94817246978625</ele>
        <time>2024-09-01T18:07:24.078Z</time>
      </trkpt>
      <trkpt lat="41.38302333333333" lon="2.172675">
        <ele>12.347944055366334</ele>
        <time>2024-09-01T18:07:38.082Z</time>
      </trkpt>
      <trkpt lat="41.382979999999996" lon="2.1728">
        <ele>12.647718333568982</ele>
        <time>2024-09-01T18:07:46.078Z</time>
      </trkpt>
      <trkpt lat="41.38280833333333" lon="2.1727950000000003">
        <ele>14.247639107440442</ele>
        <time>2024-09-01T18:07:58.082Z</time>
      </trkpt>
      <trkpt lat="41.38276166666666" lon="2.17319">
        <ele>17.14695432872918</ele>
        <time>2024-09-01T18:08:22.079Z</time>
      </trkpt>
      <trkpt lat="41.38254833333334" lon="2.1733016666666667">
        <ele>15.846658223376735</ele>
        <time>2024-09-01T18:08:45.088Z</time>
      </trkpt>
      <trkpt lat="41.38241166666667" lon="2.1735583333333333">
        <ele>19.14615834025235</ele>
        <time>2024-09-01T18:09:00.084Z</time>
      </trkpt>
      <trkpt lat="41.382416666666664" lon="2.1737200000000003">
        <ele>29.545900793665076</ele>
        <time>2024-09-01T18:09:10.088Z</time>
      </trkpt>
      <trkpt lat="41.38246833333333" lon="2.1736833333333334">
        <ele>49.64597017257404</ele>
        <time>2024-09-01T18:09:47.082Z</time>
      </trkpt>
      <trkpt lat="41.382349999999995" lon="2.1738483333333334">
        <ele>43.545660803407706</ele>
        <time>2024-09-01T18:10:32.069Z</time>
      </trkpt>
      <trkpt lat="41.38229333333334" lon="2.1742266666666668">
        <ele>28.744993472368698</ele>
        <time>2024-09-01T18:11:03.085Z</time>
      </trkpt>
      <trkpt lat="41.38193166666667" lon="2.17436">
        <ele>23.84460325029476</ele>
        <time>2024-09-01T18:11:51.071Z</time>
      </trkpt>
      <trkpt lat="41.381853333333325" lon="2.174561666666667">
        <ele>19.84424102738312</ele>
        <time>2024-09-01T18:12:05.082Z</time>
      </trkpt>
      <trkpt lat="41.381715" lon="2.174561666666667">
        <ele>14.844126293194662</ele>
        <time>2024-09-01T18:12:17.085Z</time>
      </trkpt>
      <trkpt lat="41.38160500000001" lon="2.174723333333333">
        <ele>11.643810809912424</ele>
        <time>2024-09-01T18:12:32.085Z</time>
      </trkpt>
      <trkpt lat="41.38145333333333" lon="2.1743650000000003">
        <ele>10.544323957609336</ele>
        <time>2024-09-01T18:13:14.082Z</time>
      </trkpt>
      <trkpt lat="41.38151833333333" lon="2.174155">
        <ele>8.444705181972815</ele>
        <time>2024-09-01T18:13:25.088Z</time>
      </trkpt>
      <trkpt lat="41.3814" lon="2.173938333333333">
        <ele>6.54502102250553</ele>
        <time>2024-09-01T18:13:46.079Z</time>
      </trkpt>
      <trkpt lat="41.38137833333334" lon="2.17335">
        <ele>4.845988094099454</ele>
        <time>2024-09-01T18:14:24.075Z</time>
      </trkpt>
      <trkpt lat="41.38124500000001" lon="2.1732633333333333">
        <ele>7.246108520176442</ele>
        <time>2024-09-01T18:14:35.078Z</time>
      </trkpt>
      <trkpt lat="41.380894999999995" lon="2.1734966666666664">
        <ele>24.545545844030038</ele>
        <time>2024-09-01T18:15:17.098Z</time>
      </trkpt>
      <trkpt lat="41.38086333333334" lon="2.173421666666667">
        <ele>27.64562099758573</ele>
        <time>2024-09-01T18:15:23.085Z</time>
      </trkpt>
      <trkpt lat="41.38096333333333" lon="2.1732650000000002">
        <ele>29.745924186291532</ele>
        <time>2024-09-01T18:15:42.081Z</time>
      </trkpt>
      <trkpt lat="41.38084333333333" lon="2.173106666666667">
        <ele>30.44611297949885</ele>
        <time>2024-09-01T18:15:51.078Z</time>
      </trkpt>
      <trkpt lat="41.38073333333333" lon="2.1733633333333335">
        <ele>22.445628978146452</ele>
        <time>2024-09-01T18:16:20.081Z</time>
      </trkpt>
      <trkpt lat="41.380898333333334" lon="2.1735366666666667">
        <ele>22.2455495884169</ele>
        <time>2024-09-01T18:16:22.062Z</time>
      </trkpt>
      <trkpt lat="41.38095333333334" lon="2.1735083333333334">
        <ele>47.145550438658965</ele>
        <time>2024-09-01T18:16:25.073Z</time>
      </trkpt>
      <trkpt lat="41.380905" lon="2.1734466666666665">
        <ele>42.54560914061707</ele>
        <time>2024-09-01T18:16:33.069Z</time>
      </trkpt>
      <trkpt lat="41.381541666666664" lon="2.1729766666666666">
        <ele>26.94670346998467</ele>
        <time>2024-09-01T18:18:00.084Z</time>
      </trkpt>
      <trkpt lat="41.381911666666674" lon="2.1727849999999997">
        <ele>16.747199939476033</ele>
        <time>2024-09-01T18:18:39.085Z</time>
      </trkpt>
      <trkpt lat="41.38205500000001" lon="2.1725566666666665">
        <ele>15.247647656527384</ele>
        <time>2024-09-01T18:19:03.082Z</time>
      </trkpt>
      <trkpt lat="41.38215333333333" lon="2.1725416666666666">
        <ele>15.447725658290878</ele>
        <time>2024-09-01T18:19:13.088Z</time>
      </trkpt>
      <trkpt lat="41.38216333333333" lon="2.17237">
        <ele>19.048024365917946</ele>
        <time>2024-09-01T18:19:29.055Z</time>
      </trkpt>
      <trkpt lat="41.382036666666664" lon="2.1722483333333336">
        <ele>34.048157949014126</ele>
        <time>2024-09-01T18:19:51.065Z</time>
      </trkpt>
      <trkpt lat="41.38204" lon="2.172136666666667">
        <ele>33.94834943384176</ele>
        <time>2024-09-01T18:20:02.075Z</time>
      </trkpt>
      <trkpt lat="41.38220666666666" lon="2.172336666666667">
        <ele>35.34811506125633</ele>
        <time>2024-09-01T18:20:35.046Z</time>
      </trkpt>
      <trkpt lat="41.38227833333334" lon="2.1723116666666664">
        <ele>33.44817364081128</ele>
        <time>2024-09-01T18:20:44.082Z</time>
      </trkpt>
      <trkpt lat="41.38247833333333" lon="2.171895">
        <ele>28.94895610958688</ele>
        <time>2024-09-01T18:21:21.076Z</time>
      </trkpt>
      <trkpt lat="41.38267333333333" lon="2.171675">
        <ele>17.449423905317197</ele>
        <time>2024-09-01T18:21:45.085Z</time>
      </trkpt>
      <trkpt lat="41.38284999999999" lon="2.171596666666667">
        <ele>11.649647048502807</ele>
        <time>2024-09-01T18:22:04.058Z</time>
      </trkpt>
      <trkpt lat="41.382961666666674" lon="2.1717016666666664">
        <ele>29.649535983094687</ele>
        <time>2024-09-01T18:22:22.053Z</time>
      </trkpt>
      <trkpt lat="41.38308" lon="2.171666666666667">
        <ele>31.949631666368695</ele>
        <time>2024-09-01T18:22:29.078Z</time>
      </trkpt>
      <trkpt lat="41.383494999999996" lon="2.1714583333333333">
        <ele>37.150196414484796</ele>
        <time>2024-09-01T18:23:17.059Z</time>
      </trkpt>
      <trkpt lat="41.383590000000005" lon="2.1712849999999997">
        <ele>30.35052865811722</ele>
        <time>2024-09-01T18:23:37.095Z</time>
      </trkpt>
      <trkpt lat="41.38367" lon="2.1714399999999996">
        <ele>33.15030672727366</ele>
        <time>2024-09-01T18:24:13.073Z</time>
      </trkpt>
      <trkpt lat="41.38368666666667" lon="2.1712533333333335">
        <ele>34.35062123554239</ele>
        <time>2024-09-01T18:24:23.055Z</time>
      </trkpt>
      <trkpt lat="41.384319999999995" lon="2.1708416666666666">
        <ele>31.55159942607755</ele>
        <time>2024-09-01T18:25:35.072Z</time>
      </trkpt>
      <trkpt lat="41.38476833333334" lon="2.1703566666666663">
        <ele>17.45263993588165</ele>
        <time>2024-09-01T18:26:29.075Z</time>
      </trkpt>
      <trkpt lat="41.385133333333336" lon="2.1700999999999997">
        <ele>13.753248812914286</ele>
        <time>2024-09-01T18:27:02.065Z</time>
      </trkpt>
      <trkpt lat="41.38528833333333" lon="2.1698">
        <ele>10.053840770097437</ele>
        <time>2024-09-01T18:27:32.084Z</time>
      </trkpt>
      <trkpt lat="41.385418333333334" lon="2.16984">
        <ele>12.053851277624325</ele>
        <time>2024-09-01T18:27:45.085Z</time>
      </trkpt>
      <trkpt lat="41.38558666666666" lon="2.1701233333333336">
        <ele>14.45349379036243</ele>
        <time>2024-09-01T18:28:32.101Z</time>
      </trkpt>
      <trkpt lat="41.386248333333334" lon="2.1694883333333332">
        <ele>24.554807304030007</ele>
        <time>2024-09-01T18:30:45.059Z</time>
      </trkpt>
      <trkpt lat="41.386723333333336" lon="2.1691716666666663">
        <ele>31.355578472231556</ele>
        <time>2024-09-01T18:31:32.051Z</time>
      </trkpt>
      <trkpt lat="41.38689833333333" lon="2.168855">
        <ele>23.5561950943435</ele>
        <time>2024-09-01T18:32:00.069Z</time>
      </trkpt>
      <trkpt lat="41.38721833333334" lon="2.16866">
        <ele>19.156678734242384</ele>
        <time>2024-09-01T18:32:28.082Z</time>
      </trkpt>
      <trkpt lat="41.387335" lon="2.1687066666666666">
        <ele>18.756691812691102</ele>
        <time>2024-09-01T18:32:38.053Z</time>
      </trkpt>
      <trkpt lat="41.38736833333334" lon="2.1689599999999998">
        <ele>20.15627820206732</ele>
        <time>2024-09-01T18:32:53.059Z</time>
      </trkpt>
      <trkpt lat="41.38762499999999" lon="2.169548333333333">
        <ele>17.65538828943918</ele>
        <time>2024-09-01T18:33:54.052Z</time>
      </trkpt>
      <trkpt lat="41.38760666666667" lon="2.1696533333333337">
        <ele>17.65521965701796</ele>
        <time>2024-09-01T18:34:13.051Z</time>
      </trkpt>
      <trkpt lat="41.3878" lon="2.1699016666666666">
        <ele>25.254893510579265</ele>
        <time>2024-09-01T18:34:41.105Z</time>
      </trkpt>
      <trkpt lat="41.388648333333336" lon="2.1689366666666667">
        <ele>27.956896239388698</ele>
        <time>2024-09-01T18:36:55.062Z</time>
      </trkpt>
      <trkpt lat="41.389015" lon="2.16843">
        <ele>23.057926755576865</ele>
        <time>2024-09-01T18:37:49.072Z</time>
      </trkpt>
      <trkpt lat="41.38908" lon="2.16823">
        <ele>25.25829436264594</ele>
        <time>2024-09-01T18:38:06.042Z</time>
      </trkpt>
      <trkpt lat="41.38922666666667" lon="2.168065">
        <ele>24.558649875299082</ele>
        <time>2024-09-01T18:38:17.052Z</time>
      </trkpt>
      <trkpt lat="41.38926" lon="2.16811">
        <ele>25.1585992125938</ele>
        <time>2024-09-01T18:38:24.046Z</time>
      </trkpt>
      <trkpt lat="41.38923166666667" lon="2.167971666666667">
        <ele>28.858817044874428</ele>
        <time>2024-09-01T18:39:02.078Z</time>
      </trkpt>
      <trkpt lat="41.38987" lon="2.1674133333333336">
        <ele>28.360055510780136</ele>
        <time>2024-09-01T18:40:28.072Z</time>
      </trkpt>
      <trkpt lat="41.39031166666667" lon="2.1668450000000004">
        <ele>38.86121458826068</ele>
        <time>2024-09-01T18:41:42.052Z</time>
      </trkpt>
      <trkpt lat="41.39042166666666" lon="2.1665916666666667">
        <ele>27.661707986836383</ele>
        <time>2024-09-01T18:42:04.075Z</time>
      </trkpt>
      <trkpt lat="41.390595" lon="2.1664766666666666">
        <ele>28.461996404717617</ele>
        <time>2024-09-01T18:42:24.091Z</time>
      </trkpt>
      <trkpt lat="41.390995000000004" lon="2.1659383333333335">
        <ele>27.463090638587687</ele>
        <time>2024-09-01T18:43:26.066Z</time>
      </trkpt>
      <trkpt lat="41.39097333333334" lon="2.1657533333333334">
        <ele>44.26341518612688</ele>
        <time>2024-09-01T18:43:54.423Z</time>
      </trkpt>
      <trkpt lat="41.39097333333334" lon="2.1657533333333334">
        <ele>41.0724041480571</ele>
        <time>2024-09-01T18:43:54.423Z</time>
      </trkpt>
      <trkpt lat="41.390900022439155" lon="2.1657813057461226">
        <ele>40.83525809138116</ele>
        <time>2024-09-01T18:44:09.817Z</time>
      </trkpt>
    </trkseg>
  </trk>
</gpx>
