<?xml version="1.0" encoding="UTF-8"?>
<gpx version="1.1" creator="Export" xmlns="http://www.topografix.com/GPX/1/1" xmlns:xsi="http://www.w3.org/2001/XMLSchema-instance" xsi:schemaLocation="http://www.topografix.com/GPX/1/1 http://www.topografix.com/GPX/1/1/gpx.xsd http://www.garmin.com/xmlschemas/GpxExtensions/v3 http://www.garmin.com/xmlschemas/GpxExtensionsv3.xsd http://www.garmin.com/xmlschemas/TrackPointExtension/v1 http://www.garmin.com/xmlschemas/TrackPointExtensionv1.xsd http://www.garmin.com/xmlschemas/PowerExtension/v1 http://www.garmin.com/xmlschemas/PowerExtensionv1.xsd http://www.topografix.com/GPX/gpx_style/0/2 http://www.topografix.com/GPX/gpx_style/0/2/gpx_style.xsd" xmlns:gpxtpx="http://www.garmin.com/xmlschemas/TrackPointExtension/v1" xmlns:gpxx="http://www.garmin.com/xmlschemas/GpxExtensions/v3" xmlns:gpxpx="http://www.garmin.com/xmlschemas/PowerExtension/v1" xmlns:gpx_style="http://www.topografix.com/GPX/gpx_style/0/2">
  <metadata>
    <name>activity_189_2024-09-06</name>
    <author>
      <name>gpx.studio</name>
      <link href="https://gpx.studio"/>
    </author>
  </metadata>
  <wpt lat="38.715898" lon="-9.143869">
    <ele>41.48515457245746</ele>
    <name>Hostel</name>
    <sym>Lodging</sym>
  </wpt>
  <wpt lat="38.731851" lon="-9.148274">
    <ele>89.89420943583298</ele>
    <name>Hostel</name>
    <sym>Lodging</sym>
  </wpt>
  <wpt lat="38.697498" lon="-9.203253">
    <ele>8.655800715555136</ele>
    <name>Pasteis de Belem</name>
    <sym>Restaurant</sym>
  </wpt>
  <wpt lat="38.710776" lon="-9.144057">
    <ele>57.3776318710438</ele>
    <name>Manteigaria</name>
    <sym>Restaurant</sym>
  </wpt>
  <wpt lat="38.724693" lon="-9.150535">
    <ele>66.03196808351497</ele>
    <name>Meeting Point</name>
    <sym>Summit</sym>
  </wpt>
  <wpt lat="38.720805" lon="-9.154153">
    <ele>79.64391853821405</ele>
    <name>Shimazu Ramen</name>
    <sym>Restaurant</sym>
  </wpt>
  <trk>
    <name>activity_189_2024-09-06</name>
    <trkseg>
      <trkpt lat="38.715942139444905" lon="-9.14389317536154">
        <ele>42.23413947262109</ele>
        <time>2024-09-06T11:27:19.284Z</time>
      </trkpt>
      <trkpt lat="38.71574333333333" lon="-9.143646666666665">
        <ele>39.19844493006911</ele>
        <time>2024-09-06T11:27:52.201Z</time>
      </trkpt>
      <trkpt lat="38.715516666666666" lon="-9.143746666666667">
        <ele>59.69709048369476</ele>
        <time>2024-09-06T11:28:23.088Z</time>
      </trkpt>
      <trkpt lat="38.715226666666666" lon="-9.143476666666666">
        <ele>51.59703235724972</ele>
        <time>2024-09-06T11:28:53.075Z</time>
      </trkpt>
      <trkpt lat="38.714115" lon="-9.144053333333334">
        <ele>85.8999839118248</ele>
        <time>2024-09-06T11:32:03.055Z</time>
      </trkpt>
      <trkpt lat="38.71317166666667" lon="-9.143426666666667">
        <ele>72.40023396201147</ele>
        <time>2024-09-06T11:33:44.052Z</time>
      </trkpt>
      <trkpt lat="38.713123333333336" lon="-9.143266666666667">
        <ele>74.40000470336473</ele>
        <time>2024-09-06T11:33:57.085Z</time>
      </trkpt>
      <trkpt lat="38.713166666666666" lon="-9.143138333333333">
        <ele>72.4996628452669</ele>
        <time>2024-09-06T11:34:09.048Z</time>
      </trkpt>
      <trkpt lat="38.71308166666667" lon="-9.143233333333335">
        <ele>75.19996424944169</ele>
        <time>2024-09-06T11:34:26.048Z</time>
      </trkpt>
      <trkpt lat="38.71277833333333" lon="-9.143126666666666">
        <ele>66.4002550157415</ele>
        <time>2024-09-06T11:34:51.091Z</time>
      </trkpt>
      <trkpt lat="38.712556666666664" lon="-9.143223333333333">
        <ele>65.60078971249146</ele>
        <time>2024-09-06T11:35:16.065Z</time>
      </trkpt>
      <trkpt lat="38.71200666666667" lon="-9.143015">
        <ele>58.40126876906044</ele>
        <time>2024-09-06T11:36:29.084Z</time>
      </trkpt>
      <trkpt lat="38.712088333333334" lon="-9.142883333333334">
        <ele>60.600893069644556</ele>
        <time>2024-09-06T11:36:54.084Z</time>
      </trkpt>
      <trkpt lat="38.71202" lon="-9.142983333333332">
        <ele>62.5011793486584</ele>
        <time>2024-09-06T11:37:24.094Z</time>
      </trkpt>
      <trkpt lat="38.712311666666665" lon="-9.142853333333333">
        <ele>69.5004711312658</ele>
        <time>2024-09-06T11:39:31.085Z</time>
      </trkpt>
      <trkpt lat="38.712023333333335" lon="-9.142878333333334">
        <ele>65.80096466126308</ele>
        <time>2024-09-06T11:40:34.085Z</time>
      </trkpt>
      <trkpt lat="38.71205666666666" lon="-9.14292">
        <ele>68.90098548731008</ele>
        <time>2024-09-06T11:43:32.079Z</time>
      </trkpt>
      <trkpt lat="38.71202666666667" lon="-9.142871666666668">
        <ele>69.10097709527983</ele>
        <time>2024-09-06T11:43:37.062Z</time>
      </trkpt>
      <trkpt lat="38.712149999999994" lon="-9.142888333333334">
        <ele>67.80079806494047</ele>
        <time>2024-09-06T11:45:38.092Z</time>
      </trkpt>
      <trkpt lat="38.71205833333333" lon="-9.142945">
        <ele>68.50105024325764</ele>
        <time>2024-09-06T11:46:51.089Z</time>
      </trkpt>
      <trkpt lat="38.711969999999994" lon="-9.142958333333333">
        <ele>60.60101263335514</ele>
        <time>2024-09-06T12:00:14.078Z</time>
      </trkpt>
      <trkpt lat="38.712136666666666" lon="-9.1429">
        <ele>60.30083401408974</ele>
        <time>2024-09-06T12:04:21.081Z</time>
      </trkpt>
      <trkpt lat="38.711996666666664" lon="-9.142931666666668">
        <ele>45.101109618601996</ele>
        <time>2024-09-06T12:26:18.164Z</time>
      </trkpt>
      <trkpt lat="38.71176666666667" lon="-9.142751666666667">
        <ele>60.20112175817128</ele>
        <time>2024-09-06T12:27:56.069Z</time>
      </trkpt>
      <trkpt lat="38.71166166666667" lon="-9.142811666666667">
        <ele>61.801404358136416</ele>
        <time>2024-09-06T12:28:18.049Z</time>
      </trkpt>
      <trkpt lat="38.71153666666667" lon="-9.142758333333335">
        <ele>64.80149911133648</ele>
        <time>2024-09-06T12:28:33.088Z</time>
      </trkpt>
      <trkpt lat="38.71073" lon="-9.142823333333332">
        <ele>52.102913228830595</ele>
        <time>2024-09-06T12:30:31.086Z</time>
      </trkpt>
      <trkpt lat="38.71071333333334" lon="-9.143068333333334">
        <ele>53.403420083945534</ele>
        <time>2024-09-06T12:30:41.046Z</time>
      </trkpt>
      <trkpt lat="38.710770000000004" lon="-9.143229999999999">
        <ele>48.20368245664074</ele>
        <time>2024-09-06T12:30:51.089Z</time>
      </trkpt>
      <trkpt lat="38.710678333333334" lon="-9.143623333333332">
        <ele>51.60464224946641</ele>
        <time>2024-09-06T12:31:28.457Z</time>
      </trkpt>
      <trkpt lat="38.710678333333334" lon="-9.143623333333332">
        <ele>56.08593784046329</ele>
        <time>2024-09-06T12:31:28.457Z</time>
      </trkpt>
      <trkpt lat="38.710773009121596" lon="-9.143691117120227">
        <ele>56.56229008847483</ele>
        <time>2024-09-06T12:31:40.933Z</time>
      </trkpt>
      <trkpt lat="38.710773009121596" lon="-9.143691117120227">
        <ele>56.56229008847483</ele>
        <time>2024-09-06T12:31:40.933Z</time>
      </trkpt>
      <trkpt lat="38.71074310295441" lon="-9.14397589560852">
        <ele>57.14175307824387</ele>
        <time>2024-09-06T12:32:06.729Z</time>
      </trkpt>
      <trkpt lat="38.710794806484245" lon="-9.144027698879484">
        <ele>57.26338560269252</ele>
        <time>2024-09-06T12:32:14.280Z</time>
      </trkpt>
      <trkpt lat="38.710794806484245" lon="-9.144027698879484">
        <ele>57.26338560269252</ele>
        <time>2024-09-06T12:32:14.425Z</time>
      </trkpt>
      <trkpt lat="38.710794806484245" lon="-9.144027698879484">
        <ele>57.26338560269252</ele>
        <time>2024-09-06T12:32:14.570Z</time>
      </trkpt>
      <trkpt lat="38.71072712185611" lon="-9.144055407605236">
        <ele>57.39193879382539</ele>
        <time>2024-09-06T12:32:23.084Z</time>
      </trkpt>
      <trkpt lat="38.71072712185611" lon="-9.144055407605236">
        <ele>57.39193879382539</ele>
        <time>2024-09-06T12:32:23.186Z</time>
      </trkpt>
      <trkpt lat="38.710714711876506" lon="-9.14463144391163">
        <ele>62.9354412232534</ele>
        <time>2024-09-06T12:33:17.068Z</time>
      </trkpt>
      <trkpt lat="38.71070804219252" lon="-9.144941031860014">
        <ele>64.96375877119196</ele>
        <time>2024-09-06T12:33:46.026Z</time>
      </trkpt>
      <trkpt lat="38.7106" lon="-9.144625">
        <ele>63.282702222280854</ele>
        <time>2024-09-06T12:34:18.288Z</time>
      </trkpt>
      <trkpt lat="38.7106" lon="-9.144625">
        <ele>55.50690141219944</ele>
        <time>2024-09-06T12:34:18.288Z</time>
      </trkpt>
      <trkpt lat="38.7106" lon="-9.144625">
        <ele>63.282702222280854</ele>
        <time>2024-09-06T12:34:18.288Z</time>
      </trkpt>
      <trkpt lat="38.710523333333335" lon="-9.144485">
        <ele>61.548879713099765</ele>
        <time>2024-09-06T12:34:30.427Z</time>
      </trkpt>
      <trkpt lat="38.710523333333335" lon="-9.144485">
        <ele>52.606703240855786</ele>
        <time>2024-09-06T12:34:30.427Z</time>
      </trkpt>
      <trkpt lat="38.708679999999994" lon="-9.144393333333333">
        <ele>39.20948621878381</ele>
        <time>2024-09-06T12:44:27.049Z</time>
      </trkpt>
      <trkpt lat="38.70868666666667" lon="-9.143835">
        <ele>33.00859938388615</ele>
        <time>2024-09-06T12:45:24.092Z</time>
      </trkpt>
      <trkpt lat="38.708605" lon="-9.143708333333333">
        <ele>27.508212781876402</ele>
        <time>2024-09-06T12:45:36.088Z</time>
      </trkpt>
      <trkpt lat="38.70784666666667" lon="-9.143791666666667">
        <ele>17.909593557732798</ele>
        <time>2024-09-06T12:46:40.091Z</time>
      </trkpt>
      <trkpt lat="38.70761166666667" lon="-9.143983333333333">
        <ele>18.81036592488104</ele>
        <time>2024-09-06T12:47:56.094Z</time>
      </trkpt>
      <trkpt lat="38.70735166666667" lon="-9.144029999999999">
        <ele>10.21090384911647</ele>
        <time>2024-09-06T12:48:22.078Z</time>
      </trkpt>
      <trkpt lat="38.707321666666665" lon="-9.144129999999999">
        <ele>12.711109204830855</ele>
        <time>2024-09-06T12:48:38.052Z</time>
      </trkpt>
      <trkpt lat="38.70698" lon="-9.14421">
        <ele>12.611872370101942</ele>
        <time>2024-09-06T12:49:20.079Z</time>
      </trkpt>
      <trkpt lat="38.70664333333333" lon="-9.144431666666666">
        <ele>8.712849233661302</ele>
        <time>2024-09-06T12:50:03.112Z</time>
      </trkpt>
      <trkpt lat="38.70647666666667" lon="-9.144326666666666">
        <ele>11.412958132121936</ele>
        <time>2024-09-06T12:50:19.079Z</time>
      </trkpt>
      <trkpt lat="38.706450000000004" lon="-9.144103333333334">
        <ele>10.912534700750747</ele>
        <time>2024-09-06T12:50:44.096Z</time>
      </trkpt>
      <trkpt lat="38.70625333333333" lon="-9.144126666666667">
        <ele>10.212877388600056</ele>
        <time>2024-09-06T12:51:06.086Z</time>
      </trkpt>
      <trkpt lat="38.70615333333333" lon="-9.144223333333334">
        <ele>12.71324273115826</ele>
        <time>2024-09-06T12:51:18.069Z</time>
      </trkpt>
      <trkpt lat="38.70586" lon="-9.144055">
        <ele>9.313385266411672</ele>
        <time>2024-09-06T12:51:51.082Z</time>
      </trkpt>
      <trkpt lat="38.705216666666665" lon="-9.143948333333332">
        <ele>9.714205125424158</ele>
        <time>2024-09-06T12:53:07.055Z</time>
      </trkpt>
      <trkpt lat="38.70493" lon="-9.143773333333334">
        <ele>8.614321093003625</ele>
        <time>2024-09-06T12:54:14.052Z</time>
      </trkpt>
      <trkpt lat="38.705223333333336" lon="-9.143920000000001">
        <ele>4.31413260733347</ele>
        <time>2024-09-06T13:19:11.072Z</time>
      </trkpt>
      <trkpt lat="38.705088333333336" lon="-9.144638333333335">
        <ele>11.615822304802975</ele>
        <time>2024-09-06T13:20:27.104Z</time>
      </trkpt>
      <trkpt lat="38.70531166666667" lon="-9.144798333333334">
        <ele>14.915805028061406</ele>
        <time>2024-09-06T13:21:00.099Z</time>
      </trkpt>
      <trkpt lat="38.70513666666667" lon="-9.145164999999999">
        <ele>9.116832118105762</ele>
        <time>2024-09-06T13:21:40.091Z</time>
      </trkpt>
      <trkpt lat="38.70513833333334" lon="-9.145481666666665">
        <ele>7.7174936683193</ele>
        <time>2024-09-06T13:22:09.092Z</time>
      </trkpt>
      <trkpt lat="38.704944999999995" lon="-9.14627">
        <ele>2.21942652071381</ele>
        <time>2024-09-06T13:23:15.095Z</time>
      </trkpt>
      <trkpt lat="38.70495666666667" lon="-9.146478333333333">
        <ele>4.719859708301129</ele>
        <time>2024-09-06T13:23:28.092Z</time>
      </trkpt>
      <trkpt lat="38.705133333333336" lon="-9.146593333333334">
        <ele>7.719830441430766</ele>
        <time>2024-09-06T13:23:47.098Z</time>
      </trkpt>
      <trkpt lat="38.705333333333336" lon="-9.146456666666667">
        <ele>7.919240422896841</ele>
        <time>2024-09-06T13:24:10.108Z</time>
      </trkpt>
      <trkpt lat="38.705463333333334" lon="-9.146528333333332">
        <ele>5.319146779078515</ele>
        <time>2024-09-06T13:24:33.082Z</time>
      </trkpt>
      <trkpt lat="38.705555" lon="-9.1472">
        <ele>6.6203759640317585</ele>
        <time>2024-09-06T13:25:30.085Z</time>
      </trkpt>
      <trkpt lat="38.705275" lon="-9.147388333333334">
        <ele>16.821231834287886</ele>
        <time>2024-09-06T13:26:05.055Z</time>
      </trkpt>
      <trkpt lat="38.70580666666667" lon="-9.148755">
        <ele>6.923194527404952</ele>
        <time>2024-09-06T13:28:24.089Z</time>
      </trkpt>
      <trkpt lat="38.705596666666665" lon="-9.148925">
        <ele>4.82389310647352</ele>
        <time>2024-09-06T13:28:58.092Z</time>
      </trkpt>
      <trkpt lat="38.70556333333333" lon="-9.148865">
        <ele>4.823831236327756</ele>
        <time>2024-09-06T13:29:12.051Z</time>
      </trkpt>
      <trkpt lat="38.705725" lon="-9.1492">
        <ele>6.824241821136447</ele>
        <time>2024-09-06T13:30:37.081Z</time>
      </trkpt>
      <trkpt lat="38.70572666666667" lon="-9.149415">
        <ele>7.024659260386208</ele>
        <time>2024-09-06T13:30:55.052Z</time>
      </trkpt>
      <trkpt lat="38.70548833333333" lon="-9.150433333333332">
        <ele>5.427204987162405</ele>
        <time>2024-09-06T13:32:31.055Z</time>
      </trkpt>
      <trkpt lat="38.704953333333336" lon="-9.153363333333335">
        <ele>10.134108760443596</ele>
        <time>2024-09-06T13:36:25.098Z</time>
      </trkpt>
      <trkpt lat="38.704655" lon="-9.155235000000001">
        <ele>12.638495844620635</ele>
        <time>2024-09-06T13:38:47.086Z</time>
      </trkpt>
      <trkpt lat="38.704550000000005" lon="-9.155566666666665">
        <ele>7.739342171559471</ele>
        <time>2024-09-06T13:39:12.089Z</time>
      </trkpt>
      <trkpt lat="38.70453333333333" lon="-9.155691666666666">
        <ele>7.339633694977358</ele>
        <time>2024-09-06T13:39:21.091Z</time>
      </trkpt>
      <trkpt lat="38.704640000000005" lon="-9.155875">
        <ele>12.739856783755293</ele>
        <time>2024-09-06T13:39:38.084Z</time>
      </trkpt>
      <trkpt lat="38.70442833333333" lon="-9.156876666666667">
        <ele>8.942257850574677</ele>
        <time>2024-09-06T13:41:05.056Z</time>
      </trkpt>
      <trkpt lat="38.70457333333333" lon="-9.15693">
        <ele>9.142165492687582</ele>
        <time>2024-09-06T13:41:50.079Z</time>
      </trkpt>
      <trkpt lat="38.704674999999995" lon="-9.157121666666665">
        <ele>7.542395018667293</ele>
        <time>2024-09-06T13:42:11.086Z</time>
      </trkpt>
      <trkpt lat="38.70512" lon="-9.157291666666667">
        <ele>5.242020364957376</ele>
        <time>2024-09-06T13:43:01.049Z</time>
      </trkpt>
      <trkpt lat="38.705135000000006" lon="-9.157456666666667">
        <ele>11.542293896571728</ele>
        <time>2024-09-06T13:43:15.069Z</time>
      </trkpt>
      <trkpt lat="38.70444" lon="-9.158809999999999">
        <ele>2.646264532296769</ele>
        <time>2024-09-06T13:45:39.052Z</time>
      </trkpt>
      <trkpt lat="38.704058333333336" lon="-9.159695">
        <ele>6.148716737273936</ele>
        <time>2024-09-06T13:47:07.082Z</time>
      </trkpt>
      <trkpt lat="38.703741666666666" lon="-9.160691666666667">
        <ele>2.15132240707252</ele>
        <time>2024-09-06T13:48:36.084Z</time>
      </trkpt>
      <trkpt lat="38.703648333333334" lon="-9.161323333333334">
        <ele>8.452792015479844</ele>
        <time>2024-09-06T13:49:47.052Z</time>
      </trkpt>
      <trkpt lat="38.703091666666666" lon="-9.162455">
        <ele>6.256067614628435</ele>
        <time>2024-09-06T13:51:48.092Z</time>
      </trkpt>
      <trkpt lat="38.70303166666667" lon="-9.162668333333333">
        <ele>10.656628754487727</ele>
        <time>2024-09-06T13:52:12.088Z</time>
      </trkpt>
      <trkpt lat="38.703115000000004" lon="-9.162948333333333">
        <ele>4.0570602327543455</ele>
        <time>2024-09-06T13:52:38.089Z</time>
      </trkpt>
      <trkpt lat="38.70307666666667" lon="-9.163631666666667">
        <ele>4.058535973703464</ele>
        <time>2024-09-06T13:53:35.089Z</time>
      </trkpt>
      <trkpt lat="38.70319666666667" lon="-9.163908333333334">
        <ele>7.258933498795884</ele>
        <time>2024-09-06T13:54:16.079Z</time>
      </trkpt>
      <trkpt lat="38.70318333333333" lon="-9.166761666666668">
        <ele>11.764865432662425</ele>
        <time>2024-09-06T13:57:51.063Z</time>
      </trkpt>
      <trkpt lat="38.70322833333333" lon="-9.166831666666667">
        <ele>14.764926940040468</ele>
        <time>2024-09-06T13:58:05.062Z</time>
      </trkpt>
      <trkpt lat="38.70320166666667" lon="-9.167634999999999">
        <ele>5.8666426967484</ele>
        <time>2024-09-06T13:59:10.071Z</time>
      </trkpt>
      <trkpt lat="38.703131666666664" lon="-9.168083333333334">
        <ele>4.967701391970962</ele>
        <time>2024-09-06T13:59:53.052Z</time>
      </trkpt>
      <trkpt lat="38.70305833333334" lon="-9.168096666666665">
        <ele>5.467755630641015</ele>
        <time>2024-09-06T14:00:05.065Z</time>
      </trkpt>
      <trkpt lat="38.70276833333333" lon="-9.169931666666667">
        <ele>4.072132271419882</ele>
        <time>2024-09-06T14:02:41.105Z</time>
      </trkpt>
      <trkpt lat="38.70267" lon="-9.170111666666665">
        <ele>1.1726510516166542</ele>
        <time>2024-09-06T14:02:58.098Z</time>
      </trkpt>
      <trkpt lat="38.702486666666665" lon="-9.171381666666667">
        <ele>-2.7243829454688537</ele>
        <time>2024-09-06T14:04:46.094Z</time>
      </trkpt>
      <trkpt lat="38.702104999999996" lon="-9.17342">
        <ele>4.280499339810632</ele>
        <time>2024-09-06T14:07:33.099Z</time>
      </trkpt>
      <trkpt lat="38.70197333333333" lon="-9.173726666666665">
        <ele>1.7813555212595986</ele>
        <time>2024-09-06T14:08:01.102Z</time>
      </trkpt>
      <trkpt lat="38.70197666666666" lon="-9.174088333333334">
        <ele>3.9821017891640196</ele>
        <time>2024-09-06T14:08:29.092Z</time>
      </trkpt>
      <trkpt lat="38.70187333333333" lon="-9.174298333333333">
        <ele>5.782718239803131</ele>
        <time>2024-09-06T14:08:51.101Z</time>
      </trkpt>
      <trkpt lat="38.701879999999996" lon="-9.174425000000001">
        <ele>8.382968388136774</ele>
        <time>2024-09-06T14:09:11.084Z</time>
      </trkpt>
      <trkpt lat="38.70173" lon="-9.17472">
        <ele>6.38382960321416</ele>
        <time>2024-09-06T14:09:38.082Z</time>
      </trkpt>
      <trkpt lat="38.701656666666665" lon="-9.174714999999999">
        <ele>7.983981839567605</ele>
        <time>2024-09-06T14:09:50.081Z</time>
      </trkpt>
      <trkpt lat="38.70154333333333" lon="-9.174976666666668">
        <ele>9.584726538984874</ele>
        <time>2024-09-06T14:10:21.095Z</time>
      </trkpt>
      <trkpt lat="38.70157833333334" lon="-9.174995">
        <ele>9.484712880880693</ele>
        <time>2024-09-06T14:10:29.092Z</time>
      </trkpt>
      <trkpt lat="38.70139833333334" lon="-9.175176666666665">
        <ele>6.0853622914179795</ele>
        <time>2024-09-06T14:11:01.086Z</time>
      </trkpt>
      <trkpt lat="38.701393333333336" lon="-9.175486666666666">
        <ele>6.486025944844421</ele>
        <time>2024-09-06T14:11:32.105Z</time>
      </trkpt>
      <trkpt lat="38.70131833333333" lon="-9.175565">
        <ele>4.686295547158835</ele>
        <time>2024-09-06T14:11:41.095Z</time>
      </trkpt>
      <trkpt lat="38.701323333333335" lon="-9.175723333333334">
        <ele>2.3866259585792164</ele>
        <time>2024-09-06T14:11:57.096Z</time>
      </trkpt>
      <trkpt lat="38.70078" lon="-9.176916666666667">
        <ele>11.590071851008403</ele>
        <time>2024-09-06T14:14:04.053Z</time>
      </trkpt>
      <trkpt lat="38.70090666666667" lon="-9.176601666666667">
        <ele>9.989192700328509</ele>
        <time>2024-09-06T14:14:41.108Z</time>
      </trkpt>
      <trkpt lat="38.70084" lon="-9.176426666666666">
        <ele>7.688972744809561</ele>
        <time>2024-09-06T14:14:53.092Z</time>
      </trkpt>
      <trkpt lat="38.70095333333334" lon="-9.176093333333334">
        <ele>6.988093156304508</ele>
        <time>2024-09-06T14:15:21.101Z</time>
      </trkpt>
      <trkpt lat="38.700943333333335" lon="-9.17592">
        <ele>7.0877250487269094</ele>
        <time>2024-09-06T14:15:34.091Z</time>
      </trkpt>
      <trkpt lat="38.70045833333334" lon="-9.175901666666666">
        <ele>10.188502215245677</ele>
        <time>2024-09-06T14:18:52.061Z</time>
      </trkpt>
      <trkpt lat="38.700354999999995" lon="-9.175961666666666">
        <ele>7.588800825965137</ele>
        <time>2024-09-06T14:19:05.046Z</time>
      </trkpt>
      <trkpt lat="38.70023833333333" lon="-9.175788333333333">
        <ele>11.08866740107608</ele>
        <time>2024-09-06T14:20:02.082Z</time>
      </trkpt>
      <trkpt lat="38.70017166666666" lon="-9.175893333333333">
        <ele>7.588995143463599</ele>
        <time>2024-09-06T14:25:30.076Z</time>
      </trkpt>
      <trkpt lat="38.70014333333334" lon="-9.175991666666667">
        <ele>12.4892422307516</ele>
        <time>2024-09-06T14:25:46.085Z</time>
      </trkpt>
      <trkpt lat="38.70019666666667" lon="-9.17594">
        <ele>8.98906972611951</ele>
        <time>2024-09-06T14:26:04.104Z</time>
      </trkpt>
      <trkpt lat="38.700335" lon="-9.176008333333334">
        <ele>10.78896177973364</ele>
        <time>2024-09-06T14:26:22.088Z</time>
      </trkpt>
      <trkpt lat="38.70043166666667" lon="-9.176228333333334">
        <ele>8.589214541560445</ele>
        <time>2024-09-06T14:26:53.101Z</time>
      </trkpt>
      <trkpt lat="38.700285" lon="-9.176815">
        <ele>15.690710745869062</ele>
        <time>2024-09-06T14:28:38.078Z</time>
      </trkpt>
      <trkpt lat="38.70013333333333" lon="-9.177251666666667">
        <ele>9.29186146633922</ele>
        <time>2024-09-06T14:29:27.095Z</time>
      </trkpt>
      <trkpt lat="38.70006" lon="-9.177443333333335">
        <ele>11.292384109457757</ele>
        <time>2024-09-06T14:29:51.101Z</time>
      </trkpt>
      <trkpt lat="38.69998333333333" lon="-9.177413333333334">
        <ele>12.892478236833796</ele>
        <time>2024-09-06T14:30:07.056Z</time>
      </trkpt>
      <trkpt lat="38.700048333333335" lon="-9.177488333333335">
        <ele>12.292415296283025</ele>
        <time>2024-09-06T14:30:27.098Z</time>
      </trkpt>
      <trkpt lat="38.699753333333334" lon="-9.17838">
        <ele>11.294866610585707</ele>
        <time>2024-09-06T14:31:52.098Z</time>
      </trkpt>
      <trkpt lat="38.69957333333333" lon="-9.178638333333334">
        <ele>11.495733795837587</ele>
        <time>2024-09-06T14:32:40.107Z</time>
      </trkpt>
      <trkpt lat="38.69959666666667" lon="-9.17874">
        <ele>10.395907658614739</ele>
        <time>2024-09-06T14:33:00.086Z</time>
      </trkpt>
      <trkpt lat="38.699488333333335" lon="-9.17901">
        <ele>14.496637894038663</ele>
        <time>2024-09-06T14:33:29.098Z</time>
      </trkpt>
      <trkpt lat="38.699398333333335" lon="-9.178985">
        <ele>20.496710832739495</ele>
        <time>2024-09-06T14:34:26.061Z</time>
      </trkpt>
      <trkpt lat="38.69940833333333" lon="-9.178903333333333">
        <ele>15.996589085768903</ele>
        <time>2024-09-06T14:34:47.101Z</time>
      </trkpt>
      <trkpt lat="38.69938333333334" lon="-9.178949999999999">
        <ele>15.796629556191775</ele>
        <time>2024-09-06T14:35:18.068Z</time>
      </trkpt>
      <trkpt lat="38.699475" lon="-9.179091666666666">
        <ele>7.09685006081245</ele>
        <time>2024-09-06T14:35:53.059Z</time>
      </trkpt>
      <trkpt lat="38.699436666666664" lon="-9.179176666666667">
        <ele>7.097081374825322</ele>
        <time>2024-09-06T14:36:05.085Z</time>
      </trkpt>
      <trkpt lat="38.699463333333334" lon="-9.17896">
        <ele>7.096606767280008</ele>
        <time>2024-09-06T14:36:43.108Z</time>
      </trkpt>
      <trkpt lat="38.69896666666667" lon="-9.1789">
        <ele>15.697324217869323</ele>
        <time>2024-09-06T14:37:33.095Z</time>
      </trkpt>
      <trkpt lat="38.698845" lon="-9.178801666666667">
        <ele>20.297340183396187</ele>
        <time>2024-09-06T14:37:49.101Z</time>
      </trkpt>
      <trkpt lat="38.69860333333334" lon="-9.178818333333334">
        <ele>23.097792023130708</ele>
        <time>2024-09-06T14:38:18.092Z</time>
      </trkpt>
      <trkpt lat="38.69861" lon="-9.178303333333334">
        <ele>7.8967301817691435</ele>
        <time>2024-09-06T14:39:13.094Z</time>
      </trkpt>
      <trkpt lat="38.69873" lon="-9.177995000000001">
        <ele>10.09593567007898</ele>
        <time>2024-09-06T14:39:38.065Z</time>
      </trkpt>
      <trkpt lat="38.69866833333333" lon="-9.177691666666668">
        <ele>6.395346565252893</ele>
        <time>2024-09-06T14:41:40.105Z</time>
      </trkpt>
      <trkpt lat="38.69863833333333" lon="-9.177815">
        <ele>6.195613318352407</ele>
        <time>2024-09-06T14:43:40.109Z</time>
      </trkpt>
      <trkpt lat="38.698526666666666" lon="-9.177845">
        <ele>9.095895631789261</ele>
        <time>2024-09-06T14:44:00.055Z</time>
      </trkpt>
      <trkpt lat="38.69855" lon="-9.177976666666666">
        <ele>12.396101114037364</ele>
        <time>2024-09-06T14:44:37.045Z</time>
      </trkpt>
      <trkpt lat="38.69842833333333" lon="-9.178429999999999">
        <ele>9.897264492280684</ele>
        <time>2024-09-06T14:45:37.098Z</time>
      </trkpt>
      <trkpt lat="38.698435" lon="-9.17873">
        <ele>8.697873968372868</ele>
        <time>2024-09-06T14:45:57.099Z</time>
      </trkpt>
      <trkpt lat="38.69834" lon="-9.178881666666665">
        <ele>9.098396825048539</ele>
        <time>2024-09-06T14:46:18.049Z</time>
      </trkpt>
      <trkpt lat="38.69835" lon="-9.178813333333332">
        <ele>10.998251490241017</ele>
        <time>2024-09-06T14:47:01.052Z</time>
      </trkpt>
      <trkpt lat="38.69837" lon="-9.178898333333333">
        <ele>7.998361476581877</ele>
        <time>2024-09-06T14:47:07.053Z</time>
      </trkpt>
      <trkpt lat="38.698393333333335" lon="-9.178855">
        <ele>7.698249106980356</ele>
        <time>2024-09-06T14:47:12.058Z</time>
      </trkpt>
      <trkpt lat="38.698409999999996" lon="-9.179025">
        <ele>11.69856568221612</ele>
        <time>2024-09-06T14:47:46.105Z</time>
      </trkpt>
      <trkpt lat="38.698276666666665" lon="-9.179343333333332">
        <ele>11.399432564767672</ele>
        <time>2024-09-06T14:48:31.088Z</time>
      </trkpt>
      <trkpt lat="38.698045" lon="-9.180841666666668">
        <ele>13.802950116582593</ele>
        <time>2024-09-06T14:51:10.095Z</time>
      </trkpt>
      <trkpt lat="38.69784833333333" lon="-9.181641666666668">
        <ele>9.804969002651355</ele>
        <time>2024-09-06T14:52:23.088Z</time>
      </trkpt>
      <trkpt lat="38.69774333333333" lon="-9.182321666666667">
        <ele>7.406566556815477</ele>
        <time>2024-09-06T14:53:19.105Z</time>
      </trkpt>
      <trkpt lat="38.697779999999995" lon="-9.182458333333333">
        <ele>8.406796586350644</ele>
        <time>2024-09-06T14:53:32.095Z</time>
      </trkpt>
      <trkpt lat="38.69759166666667" lon="-9.183245">
        <ele>10.708760361914877</ele>
        <time>2024-09-06T14:54:38.109Z</time>
      </trkpt>
      <trkpt lat="38.697525000000006" lon="-9.183798333333334">
        <ele>7.010043007151218</ele>
        <time>2024-09-06T14:55:23.108Z</time>
      </trkpt>
      <trkpt lat="38.697401666666664" lon="-9.184155">
        <ele>9.510957646586391</ele>
        <time>2024-09-06T14:55:54.105Z</time>
      </trkpt>
      <trkpt lat="38.69732166666667" lon="-9.184921666666666">
        <ele>10.51276921185245</ele>
        <time>2024-09-06T14:58:16.063Z</time>
      </trkpt>
      <trkpt lat="38.69726166666667" lon="-9.185001666666667">
        <ele>9.012969387305667</ele>
        <time>2024-09-06T14:59:13.062Z</time>
      </trkpt>
      <trkpt lat="38.69724333333333" lon="-9.18536">
        <ele>9.613804022725851</ele>
        <time>2024-09-06T14:59:48.096Z</time>
      </trkpt>
      <trkpt lat="38.69706166666666" lon="-9.18615">
        <ele>4.515734982915227</ele>
        <time>2024-09-06T15:00:56.096Z</time>
      </trkpt>
      <trkpt lat="38.696005" lon="-9.192278333333332">
        <ele>10.530415246685607</ele>
        <time>2024-09-06T15:10:20.072Z</time>
      </trkpt>
      <trkpt lat="38.69597" lon="-9.192551666666667">
        <ele>11.231051288269867</ele>
        <time>2024-09-06T15:10:56.056Z</time>
      </trkpt>
      <trkpt lat="38.69607833333334" lon="-9.192438333333333">
        <ele>11.030639711183106</ele>
        <time>2024-09-06T15:11:33.089Z</time>
      </trkpt>
      <trkpt lat="38.69614" lon="-9.192718333333334">
        <ele>7.131095056143884</ele>
        <time>2024-09-06T15:12:01.099Z</time>
      </trkpt>
      <trkpt lat="38.69612333333334" lon="-9.193193333333333">
        <ele>16.832102524398827</ele>
        <time>2024-09-06T15:12:55.094Z</time>
      </trkpt>
      <trkpt lat="38.69583333333333" lon="-9.193551666666668">
        <ele>20.833361829495594</ele>
        <time>2024-09-06T15:13:50.095Z</time>
      </trkpt>
      <trkpt lat="38.695795" lon="-9.193445">
        <ele>21.033237477174332</ele>
        <time>2024-09-06T15:14:05.055Z</time>
      </trkpt>
      <trkpt lat="38.69580666666666" lon="-9.193496666666666">
        <ele>24.53332294534983</ele>
        <time>2024-09-06T15:15:16.078Z</time>
      </trkpt>
      <trkpt lat="38.69585166666666" lon="-9.193246666666665">
        <ele>21.43272955024969</ele>
        <time>2024-09-06T15:16:01.108Z</time>
      </trkpt>
      <trkpt lat="38.69627666666667" lon="-9.194510000000001">
        <ele>18.834591021668302</ele>
        <time>2024-09-06T15:18:45.099Z</time>
      </trkpt>
      <trkpt lat="38.69655" lon="-9.194798333333333">
        <ele>17.834710411254797</ele>
        <time>2024-09-06T15:20:18.059Z</time>
      </trkpt>
      <trkpt lat="38.697001666666665" lon="-9.19492">
        <ele>14.734156067979619</ele>
        <time>2024-09-06T15:21:24.075Z</time>
      </trkpt>
      <trkpt lat="38.696911666666665" lon="-9.194988333333333">
        <ele>18.634443847742553</ele>
        <time>2024-09-06T15:21:43.105Z</time>
      </trkpt>
      <trkpt lat="38.69687833333333" lon="-9.195211666666667">
        <ele>12.33497499763375</ele>
        <time>2024-09-06T15:22:04.066Z</time>
      </trkpt>
      <trkpt lat="38.69665833333333" lon="-9.195224999999999">
        <ele>14.135369913012113</ele>
        <time>2024-09-06T15:22:30.078Z</time>
      </trkpt>
      <trkpt lat="38.69635166666667" lon="-9.198794999999999">
        <ele>13.443382073911366</ele>
        <time>2024-09-06T15:27:17.088Z</time>
      </trkpt>
      <trkpt lat="38.696376666666666" lon="-9.199298333333333">
        <ele>12.04437143562427</ele>
        <time>2024-09-06T15:28:03.104Z</time>
      </trkpt>
      <trkpt lat="38.696704999999994" lon="-9.199418333333334">
        <ele>14.644053390476984</ele>
        <time>2024-09-06T15:28:46.053Z</time>
      </trkpt>
      <trkpt lat="38.696645" lon="-9.199946666666667">
        <ele>7.645223493436603</ele>
        <time>2024-09-06T15:30:12.101Z</time>
      </trkpt>
      <trkpt lat="38.69687833333333" lon="-9.200291666666667">
        <ele>12.545568919114565</ele>
        <time>2024-09-06T15:31:01.075Z</time>
      </trkpt>
      <trkpt lat="38.696825" lon="-9.200641666666666">
        <ele>12.446366055798691</ele>
        <time>2024-09-06T15:31:36.072Z</time>
      </trkpt>
      <trkpt lat="38.69689" lon="-9.200695">
        <ele>11.546377543906658</ele>
        <time>2024-09-06T15:31:46.085Z</time>
      </trkpt>
      <trkpt lat="38.69696833333333" lon="-9.200618333333333">
        <ele>11.346134534070984</ele>
        <time>2024-09-06T15:31:56.098Z</time>
      </trkpt>
      <trkpt lat="38.697030000000005" lon="-9.200656666666667">
        <ele>9.946035531119094</ele>
        <time>2024-09-06T15:32:02.095Z</time>
      </trkpt>
      <trkpt lat="38.696976666666664" lon="-9.201091666666667">
        <ele>4.947011619279301</ele>
        <time>2024-09-06T15:32:34.084Z</time>
      </trkpt>
      <trkpt lat="38.697111666666665" lon="-9.201179999999999">
        <ele>6.74699439202066</ele>
        <time>2024-09-06T15:32:49.076Z</time>
      </trkpt>
      <trkpt lat="38.697125" lon="-9.201435">
        <ele>10.147470319440473</ele>
        <time>2024-09-06T15:33:10.081Z</time>
      </trkpt>
      <trkpt lat="38.69724833333333" lon="-9.201716666666666">
        <ele>12.947913615914189</ele>
        <time>2024-09-06T15:33:32.096Z</time>
      </trkpt>
      <trkpt lat="38.69717166666667" lon="-9.20194">
        <ele>8.848448711224243</ele>
        <time>2024-09-06T15:35:38.071Z</time>
      </trkpt>
      <trkpt lat="38.69728166666666" lon="-9.202613333333334">
        <ele>4.049603584820538</ele>
        <time>2024-09-06T15:36:42.071Z</time>
      </trkpt>
      <trkpt lat="38.697385000000004" lon="-9.202670000000001">
        <ele>8.849592380693991</ele>
        <time>2024-09-06T15:36:54.104Z</time>
      </trkpt>
      <trkpt lat="38.697365" lon="-9.203183333333333">
        <ele>17.35067894092746</ele>
        <time>2024-09-06T15:37:41.098Z</time>
      </trkpt>
      <trkpt lat="38.69748333333334" lon="-9.20335">
        <ele>15.150847249808358</ele>
        <time>2024-09-06T15:38:10.082Z</time>
      </trkpt>
      <trkpt lat="38.6974" lon="-9.203298333333333">
        <ele>24.450865355911787</ele>
        <time>2024-09-06T15:38:41.085Z</time>
      </trkpt>
      <trkpt lat="38.69737833333333" lon="-9.203231666666666">
        <ele>33.75076908604866</ele>
        <time>2024-09-06T15:40:31.063Z</time>
      </trkpt>
      <trkpt lat="38.69756333333333" lon="-9.203295">
        <ele>13.15056562484287</ele>
        <time>2024-09-06T15:43:29.052Z</time>
      </trkpt>
      <trkpt lat="38.69771333333333" lon="-9.203218333333332">
        <ele>13.350160211774742</ele>
        <time>2024-09-06T15:44:10.052Z</time>
      </trkpt>
      <trkpt lat="38.69775333333334" lon="-9.203258333333334">
        <ele>11.650117695128053</ele>
        <time>2024-09-06T15:44:26.101Z</time>
      </trkpt>
      <trkpt lat="38.697696666666666" lon="-9.203276666666666">
        <ele>10.050277467661111</ele>
        <time>2024-09-06T15:44:34.085Z</time>
      </trkpt>
      <trkpt lat="38.69775666666667" lon="-9.203293333333333">
        <ele>9.650232282471961</ele>
        <time>2024-09-06T15:44:44.096Z</time>
      </trkpt>
      <trkpt lat="38.69784" lon="-9.203245">
        <ele>6.949974170933089</ele>
        <time>2024-09-06T15:44:54.046Z</time>
      </trkpt>
      <trkpt lat="38.697498333333336" lon="-9.203278333333333">
        <ele>10.85056366820421</ele>
        <time>2024-09-06T15:45:14.095Z</time>
      </trkpt>
      <trkpt lat="38.69738666666667" lon="-9.203421666666666">
        <ele>14.251156173275653</ele>
        <time>2024-09-06T15:45:21.085Z</time>
      </trkpt>
      <trkpt lat="38.69750666666666" lon="-9.203401666666668">
        <ele>15.95090451537449</ele>
        <time>2024-09-06T15:45:26.096Z</time>
      </trkpt>
      <trkpt lat="38.69747666666667" lon="-9.203478333333333">
        <ele>16.651033795280696</ele>
        <time>2024-09-06T15:45:31.042Z</time>
      </trkpt>
      <trkpt lat="38.697355" lon="-9.203528333333333">
        <ele>17.05138981066782</ele>
        <time>2024-09-06T15:45:38.085Z</time>
      </trkpt>
      <trkpt lat="38.697493333333334" lon="-9.203476666666667">
        <ele>19.051107398874947</ele>
        <time>2024-09-06T15:45:51.069Z</time>
      </trkpt>
      <trkpt lat="38.69738666666667" lon="-9.203576666666667">
        <ele>19.551392190613903</ele>
        <time>2024-09-06T15:45:53.075Z</time>
      </trkpt>
      <trkpt lat="38.69733833333333" lon="-9.203431666666667">
        <ele>21.05130696600947</ele>
        <time>2024-09-06T15:46:00.089Z</time>
      </trkpt>
      <trkpt lat="38.697448333333334" lon="-9.203491666666668">
        <ele>22.951159534138817</ele>
        <time>2024-09-06T15:46:10.095Z</time>
      </trkpt>
      <trkpt lat="38.69761166666667" lon="-9.203463333333334">
        <ele>23.550865323827594</ele>
        <time>2024-09-06T15:46:20.086Z</time>
      </trkpt>
      <trkpt lat="38.697545" lon="-9.203321666666666">
        <ele>24.550664171451004</ele>
        <time>2024-09-06T15:46:33.079Z</time>
      </trkpt>
      <trkpt lat="38.697588333333336" lon="-9.203441666666667">
        <ele>24.750824415701345</ele>
        <time>2024-09-06T15:46:46.098Z</time>
      </trkpt>
      <trkpt lat="38.697721666666666" lon="-9.203426666666667">
        <ele>24.35063474574209</ele>
        <time>2024-09-06T15:46:52.088Z</time>
      </trkpt>
      <trkpt lat="38.697716666666665" lon="-9.203343333333333">
        <ele>24.25045711666307</ele>
        <time>2024-09-06T15:46:56.102Z</time>
      </trkpt>
      <trkpt lat="38.69761333333334" lon="-9.203315">
        <ele>24.250552570534303</ele>
        <time>2024-09-06T15:47:05.092Z</time>
      </trkpt>
      <trkpt lat="38.69779333333334" lon="-9.203444999999999">
        <ele>30.350499133681723</ele>
        <time>2024-09-06T15:47:33.053Z</time>
      </trkpt>
      <trkpt lat="38.697631666666666" lon="-9.203391666666667">
        <ele>24.050624999555474</ele>
        <time>2024-09-06T15:47:41.059Z</time>
      </trkpt>
      <trkpt lat="38.697645" lon="-9.203545">
        <ele>23.95084966005036</ele>
        <time>2024-09-06T15:47:45.056Z</time>
      </trkpt>
      <trkpt lat="38.69752166666667" lon="-9.203675">
        <ele>23.751310826819626</ele>
        <time>2024-09-06T15:47:49.072Z</time>
      </trkpt>
      <trkpt lat="38.69730333333334" lon="-9.203406666666666">
        <ele>23.751433553569157</ele>
        <time>2024-09-06T15:48:20.068Z</time>
      </trkpt>
      <trkpt lat="38.69726" lon="-9.203453333333332">
        <ele>35.95134560287533</ele>
        <time>2024-09-06T15:48:22.062Z</time>
      </trkpt>
      <trkpt lat="38.697313333333334" lon="-9.203363333333334">
        <ele>34.851309723277865</ele>
        <time>2024-09-06T15:48:24.092Z</time>
      </trkpt>
      <trkpt lat="38.697445" lon="-9.203354999999998">
        <ele>18.15090887144492</ele>
        <time>2024-09-06T15:48:32.071Z</time>
      </trkpt>
      <trkpt lat="38.697408333333335" lon="-9.2036">
        <ele>19.351466241957354</ele>
        <time>2024-09-06T15:49:21.095Z</time>
      </trkpt>
      <trkpt lat="38.69748666666667" lon="-9.203963333333332">
        <ele>5.652074769066992</ele>
        <time>2024-09-06T15:50:07.085Z</time>
      </trkpt>
      <trkpt lat="38.697555" lon="-9.204008333333332">
        <ele>4.6520473746939075</ele>
        <time>2024-09-06T15:50:19.089Z</time>
      </trkpt>
      <trkpt lat="38.697541666666666" lon="-9.204146666666666">
        <ele>13.152360215763572</ele>
        <time>2024-09-06T15:50:55.053Z</time>
      </trkpt>
      <trkpt lat="38.69761833333334" lon="-9.204161666666666">
        <ele>17.652294261512743</ele>
        <time>2024-09-06T15:51:10.059Z</time>
      </trkpt>
      <trkpt lat="38.69766" lon="-9.204041666666665">
        <ele>12.152039141974228</ele>
        <time>2024-09-06T15:54:10.095Z</time>
      </trkpt>
      <trkpt lat="38.69766833333333" lon="-9.204088333333335">
        <ele>16.55202578874465</ele>
        <time>2024-09-06T15:57:23.069Z</time>
      </trkpt>
      <trkpt lat="38.69761666666667" lon="-9.204048333333333">
        <ele>16.552026228018327</ele>
        <time>2024-09-06T16:07:47.092Z</time>
      </trkpt>
      <trkpt lat="38.697625" lon="-9.204128333333333">
        <ele>12.052180958573672</ele>
        <time>2024-09-06T16:09:58.096Z</time>
      </trkpt>
      <trkpt lat="38.69782166666666" lon="-9.204441666666666">
        <ele>7.152480525640662</ele>
        <time>2024-09-06T16:10:48.101Z</time>
      </trkpt>
      <trkpt lat="38.69784166666667" lon="-9.204598333333333">
        <ele>11.752740547633046</ele>
        <time>2024-09-06T16:11:02.040Z</time>
      </trkpt>
      <trkpt lat="38.69798" lon="-9.204648333333333">
        <ele>15.952636979442232</ele>
        <time>2024-09-06T16:11:22.063Z</time>
      </trkpt>
      <trkpt lat="38.697914999999995" lon="-9.204868333333334">
        <ele>17.453177474545924</ele>
        <time>2024-09-06T16:11:51.105Z</time>
      </trkpt>
      <trkpt lat="38.69770166666667" lon="-9.204905">
        <ele>13.053643057555547</ele>
        <time>2024-09-06T16:12:20.088Z</time>
      </trkpt>
      <trkpt lat="38.69759666666666" lon="-9.205063333333333">
        <ele>8.054154712730792</ele>
        <time>2024-09-06T16:12:49.051Z</time>
      </trkpt>
      <trkpt lat="38.697466666666664" lon="-9.205841666666666">
        <ele>9.156026777962559</ele>
        <time>2024-09-06T16:14:29.069Z</time>
      </trkpt>
      <trkpt lat="38.697365" lon="-9.20597">
        <ele>7.656488600334825</ele>
        <time>2024-09-06T16:14:52.059Z</time>
      </trkpt>
      <trkpt lat="38.69738666666667" lon="-9.206081666666668">
        <ele>7.656656873631789</ele>
        <time>2024-09-06T16:15:12.085Z</time>
      </trkpt>
      <trkpt lat="38.697268333333334" lon="-9.206591666666666">
        <ele>5.157918485301209</ele>
        <time>2024-09-06T16:16:07.096Z</time>
      </trkpt>
      <trkpt lat="38.69719333333333" lon="-9.206678333333334">
        <ele>8.558269271065384</ele>
        <time>2024-09-06T16:16:27.072Z</time>
      </trkpt>
      <trkpt lat="38.69693666666667" lon="-9.207643333333333">
        <ele>8.460734397864655</ele>
        <time>2024-09-06T16:18:32.098Z</time>
      </trkpt>
      <trkpt lat="38.696781666666666" lon="-9.207333333333334">
        <ele>10.86038812963939</ele>
        <time>2024-09-06T16:19:01.085Z</time>
      </trkpt>
      <trkpt lat="38.696365" lon="-9.207148333333333">
        <ele>11.76074171116877</ele>
        <time>2024-09-06T16:19:47.058Z</time>
      </trkpt>
      <trkpt lat="38.696313333333336" lon="-9.206935">
        <ele>11.360406638932616</ele>
        <time>2024-09-06T16:20:14.105Z</time>
      </trkpt>
      <trkpt lat="38.695475" lon="-9.206574999999999">
        <ele>6.461176210042915</ele>
        <time>2024-09-06T16:22:47.101Z</time>
      </trkpt>
      <trkpt lat="38.69547" lon="-9.206423333333333">
        <ele>6.160902496216465</ele>
        <time>2024-09-06T16:23:02.101Z</time>
      </trkpt>
      <trkpt lat="38.69537833333333" lon="-9.206296666666667">
        <ele>8.860795793534379</ele>
        <time>2024-09-06T16:23:27.085Z</time>
      </trkpt>
      <trkpt lat="38.69542666666667" lon="-9.205893333333334">
        <ele>7.559851732152829</ele>
        <time>2024-09-06T16:24:05.088Z</time>
      </trkpt>
      <trkpt lat="38.69534" lon="-9.205878333333334">
        <ele>5.959948376640568</ele>
        <time>2024-09-06T16:24:15.104Z</time>
      </trkpt>
      <trkpt lat="38.69509166666667" lon="-9.206095">
        <ele>8.260874605499914</ele>
        <time>2024-09-06T16:24:44.101Z</time>
      </trkpt>
      <trkpt lat="38.69496166666667" lon="-9.205853333333332">
        <ele>5.660622183027812</ele>
        <time>2024-09-06T16:25:19.055Z</time>
      </trkpt>
      <trkpt lat="38.694525" lon="-9.20586">
        <ele>5.660616959095869</ele>
        <time>2024-09-06T16:26:01.101Z</time>
      </trkpt>
      <trkpt lat="38.694653333333335" lon="-9.20588">
        <ele>7.461247208304741</ele>
        <time>2024-09-06T16:26:15.049Z</time>
      </trkpt>
      <trkpt lat="38.69461166666667" lon="-9.20595">
        <ele>8.461433907066215</ele>
        <time>2024-09-06T16:26:30.101Z</time>
      </trkpt>
      <trkpt lat="38.694086666666664" lon="-9.20561">
        <ele>12.96169857422042</ele>
        <time>2024-09-06T16:27:35.105Z</time>
      </trkpt>
      <trkpt lat="38.693875000000006" lon="-9.205705">
        <ele>10.162265057228616</ele>
        <time>2024-09-06T16:28:08.053Z</time>
      </trkpt>
      <trkpt lat="38.69372333333333" lon="-9.205561666666666">
        <ele>11.562253073612744</ele>
        <time>2024-09-06T16:28:28.049Z</time>
      </trkpt>
      <trkpt lat="38.693740000000005" lon="-9.205448333333333">
        <ele>11.362008251077718</ele>
        <time>2024-09-06T16:28:48.055Z</time>
      </trkpt>
      <trkpt lat="38.69363" lon="-9.205354999999999">
        <ele>13.362014632930737</ele>
        <time>2024-09-06T16:29:14.066Z</time>
      </trkpt>
      <trkpt lat="38.693603333333336" lon="-9.205155">
        <ele>11.761643794777257</ele>
        <time>2024-09-06T16:29:37.059Z</time>
      </trkpt>
      <trkpt lat="38.69358666666667" lon="-9.205253333333333">
        <ele>12.761872967974512</ele>
        <time>2024-09-06T16:30:36.058Z</time>
      </trkpt>
      <trkpt lat="38.693785000000005" lon="-9.205491666666667">
        <ele>12.661994538377925</ele>
        <time>2024-09-06T16:31:28.075Z</time>
      </trkpt>
      <trkpt lat="38.693801666666666" lon="-9.205703333333334">
        <ele>11.26241386373134</ele>
        <time>2024-09-06T16:31:55.088Z</time>
      </trkpt>
      <trkpt lat="38.69378166666667" lon="-9.205781666666667">
        <ele>7.962600789829054</ele>
        <time>2024-09-06T16:32:08.088Z</time>
      </trkpt>
      <trkpt lat="38.693693333333336" lon="-9.205736666666667">
        <ele>7.1626778238861135</ele>
        <time>2024-09-06T16:32:34.089Z</time>
      </trkpt>
      <trkpt lat="38.69372333333333" lon="-9.20586">
        <ele>10.762883657894015</ele>
        <time>2024-09-06T16:33:05.053Z</time>
      </trkpt>
      <trkpt lat="38.693756666666665" lon="-9.205768333333333">
        <ele>13.662641545722423</ele>
        <time>2024-09-06T16:34:04.092Z</time>
      </trkpt>
      <trkpt lat="38.69387666666667" lon="-9.205735">
        <ele>7.862365440034516</ele>
        <time>2024-09-06T16:34:21.088Z</time>
      </trkpt>
      <trkpt lat="38.69410333333334" lon="-9.205873333333333">
        <ele>12.762215450730402</ele>
        <time>2024-09-06T16:35:10.053Z</time>
      </trkpt>
      <trkpt lat="38.694143333333336" lon="-9.205755">
        <ele>13.161911297337276</ele>
        <time>2024-09-06T16:35:30.096Z</time>
      </trkpt>
      <trkpt lat="38.69433333333333" lon="-9.205893333333334">
        <ele>8.76184281608161</ele>
        <time>2024-09-06T16:36:07.092Z</time>
      </trkpt>
      <trkpt lat="38.69445666666666" lon="-9.206136666666668">
        <ele>10.662117301373243</ele>
        <time>2024-09-06T16:36:37.085Z</time>
      </trkpt>
      <trkpt lat="38.694563333333335" lon="-9.206108333333333">
        <ele>12.061887261601662</ele>
        <time>2024-09-06T16:37:48.072Z</time>
      </trkpt>
      <trkpt lat="38.694575" lon="-9.206158333333333">
        <ele>12.161953310076967</ele>
        <time>2024-09-06T16:38:24.068Z</time>
      </trkpt>
      <trkpt lat="38.69466" lon="-9.205453333333333">
        <ele>11.260340310118075</ele>
        <time>2024-09-06T16:39:34.040Z</time>
      </trkpt>
      <trkpt lat="38.694873333333334" lon="-9.204469999999999">
        <ele>12.657928142448014</ele>
        <time>2024-09-06T16:40:58.092Z</time>
      </trkpt>
      <trkpt lat="38.694865" lon="-9.204175">
        <ele>15.557328697127979</ele>
        <time>2024-09-06T16:41:19.092Z</time>
      </trkpt>
      <trkpt lat="38.69498166666666" lon="-9.203943333333333">
        <ele>15.35663337638249</ele>
        <time>2024-09-06T16:41:48.084Z</time>
      </trkpt>
      <trkpt lat="38.69499166666667" lon="-9.203636666666666">
        <ele>13.955949005385719</ele>
        <time>2024-09-06T16:42:16.052Z</time>
      </trkpt>
      <trkpt lat="38.69517166666667" lon="-9.20286">
        <ele>15.054030335812215</ele>
        <time>2024-09-06T16:43:25.085Z</time>
      </trkpt>
      <trkpt lat="38.69522166666666" lon="-9.202296666666665">
        <ele>9.252758927715405</ele>
        <time>2024-09-06T16:44:08.081Z</time>
      </trkpt>
      <trkpt lat="38.69546666666667" lon="-9.201058333333332">
        <ele>10.849734865247406</ele>
        <time>2024-09-06T16:45:41.082Z</time>
      </trkpt>
      <trkpt lat="38.69566333333333" lon="-9.200578333333334">
        <ele>13.648374830354513</ele>
        <time>2024-09-06T16:46:33.085Z</time>
      </trkpt>
      <trkpt lat="38.69587333333333" lon="-9.19913">
        <ele>13.644978281809365</ele>
        <time>2024-09-06T16:48:23.073Z</time>
      </trkpt>
      <trkpt lat="38.695795" lon="-9.199018333333333">
        <ele>20.044855652670513</ele>
        <time>2024-09-06T16:48:51.055Z</time>
      </trkpt>
      <trkpt lat="38.69526833333334" lon="-9.198901666666666">
        <ele>12.54557071163223</ele>
        <time>2024-09-06T16:49:47.108Z</time>
      </trkpt>
      <trkpt lat="38.695405" lon="-9.198098333333332">
        <ele>10.443680601439077</ele>
        <time>2024-09-06T16:50:54.102Z</time>
      </trkpt>
      <trkpt lat="38.69545" lon="-9.198108333333332">
        <ele>9.343591288033714</ele>
        <time>2024-09-06T16:51:02.092Z</time>
      </trkpt>
      <trkpt lat="38.695465" lon="-9.198018333333332">
        <ele>12.14337456929011</ele>
        <time>2024-09-06T16:51:56.098Z</time>
      </trkpt>
      <trkpt lat="38.69539833333333" lon="-9.198036666666667">
        <ele>16.643523208555223</ele>
        <time>2024-09-06T16:53:48.084Z</time>
      </trkpt>
      <trkpt lat="38.69544" lon="-9.197901666666667">
        <ele>15.243186133377286</ele>
        <time>2024-09-06T16:55:22.092Z</time>
      </trkpt>
      <trkpt lat="38.69543" lon="-9.198016666666666">
        <ele>13.243410649314505</ele>
        <time>2024-09-06T16:55:52.089Z</time>
      </trkpt>
      <trkpt lat="38.69549" lon="-9.198084999999999">
        <ele>14.643464222228197</ele>
        <time>2024-09-06T16:56:35.096Z</time>
      </trkpt>
      <trkpt lat="38.69542333333333" lon="-9.198116666666666">
        <ele>15.643642950524693</ele>
        <time>2024-09-06T16:56:56.069Z</time>
      </trkpt>
      <trkpt lat="38.69544166666667" lon="-9.197876666666668">
        <ele>14.543121525016552</ele>
        <time>2024-09-06T16:57:21.099Z</time>
      </trkpt>
      <trkpt lat="38.69525333333333" lon="-9.197648333333332">
        <ele>8.142973764024255</ele>
        <time>2024-09-06T17:09:54.081Z</time>
      </trkpt>
      <trkpt lat="38.69536333333333" lon="-9.197306666666666">
        <ele>14.44208370235004</ele>
        <time>2024-09-06T17:12:30.066Z</time>
      </trkpt>
      <trkpt lat="38.69515833333333" lon="-9.197051666666665">
        <ele>13.141917264416712</ele>
        <time>2024-09-06T17:13:05.085Z</time>
      </trkpt>
      <trkpt lat="38.69513" lon="-9.19692">
        <ele>10.541694324117103</ele>
        <time>2024-09-06T17:13:18.085Z</time>
      </trkpt>
      <trkpt lat="38.69515" lon="-9.196626666666667">
        <ele>12.741034334299457</ele>
        <time>2024-09-06T17:13:49.051Z</time>
      </trkpt>
      <trkpt lat="38.69535833333334" lon="-9.195976666666667">
        <ele>11.63933507411928</ele>
        <time>2024-09-06T17:15:02.107Z</time>
      </trkpt>
      <trkpt lat="38.695425" lon="-9.19591">
        <ele>13.43907403910012</ele>
        <time>2024-09-06T17:15:10.098Z</time>
      </trkpt>
      <trkpt lat="38.69542333333333" lon="-9.19566">
        <ele>10.8385543539584</ele>
        <time>2024-09-06T17:15:40.096Z</time>
      </trkpt>
      <trkpt lat="38.695553333333336" lon="-9.195013333333332">
        <ele>14.136950949807058</ele>
        <time>2024-09-06T17:16:31.075Z</time>
      </trkpt>
      <trkpt lat="38.695521666666664" lon="-9.194788333333333">
        <ele>9.936562454287767</ele>
        <time>2024-09-06T17:17:03.051Z</time>
      </trkpt>
      <trkpt lat="38.695685000000005" lon="-9.194003333333335">
        <ele>8.13461763637357</ele>
        <time>2024-09-06T17:18:30.096Z</time>
      </trkpt>
      <trkpt lat="38.69563333333333" lon="-9.194063333333334">
        <ele>10.334829662728033</ele>
        <time>2024-09-06T17:19:12.071Z</time>
      </trkpt>
      <trkpt lat="38.695675" lon="-9.193981666666668">
        <ele>9.934605200403425</ele>
        <time>2024-09-06T17:19:29.055Z</time>
      </trkpt>
      <trkpt lat="38.695773333333335" lon="-9.194045">
        <ele>11.834523461525642</ele>
        <time>2024-09-06T17:19:45.059Z</time>
      </trkpt>
      <trkpt lat="38.696056666666664" lon="-9.19392">
        <ele>13.133798964850499</ele>
        <time>2024-09-06T17:20:23.095Z</time>
      </trkpt>
      <trkpt lat="38.696063333333335" lon="-9.19359">
        <ele>11.533059173624359</ele>
        <time>2024-09-06T17:20:53.104Z</time>
      </trkpt>
      <trkpt lat="38.696218333333334" lon="-9.193501666666666">
        <ele>9.232654449329814</ele>
        <time>2024-09-06T17:21:08.099Z</time>
      </trkpt>
      <trkpt lat="38.696311666666666" lon="-9.193248333333335">
        <ele>9.931936943051262</ele>
        <time>2024-09-06T17:21:29.098Z</time>
      </trkpt>
      <trkpt lat="38.696153333333335" lon="-9.193125">
        <ele>15.931934331108074</ele>
        <time>2024-09-06T17:21:50.095Z</time>
      </trkpt>
      <trkpt lat="38.69603166666666" lon="-9.19281">
        <ele>16.531502688744837</ele>
        <time>2024-09-06T17:22:42.092Z</time>
      </trkpt>
      <trkpt lat="38.69591666666667" lon="-9.192836666666667">
        <ele>17.331748358789156</ele>
        <time>2024-09-06T17:22:57.061Z</time>
      </trkpt>
      <trkpt lat="38.69592166666666" lon="-9.192773333333333">
        <ele>19.63166143148117</ele>
        <time>2024-09-06T17:23:03.076Z</time>
      </trkpt>
      <trkpt lat="38.69616499999999" lon="-9.191618333333334">
        <ele>10.528807789539187</ele>
        <time>2024-09-06T17:24:47.056Z</time>
      </trkpt>
      <trkpt lat="38.69625833333334" lon="-9.191466666666667">
        <ele>12.228324432414944</ele>
        <time>2024-09-06T17:25:06.092Z</time>
      </trkpt>
      <trkpt lat="38.696355000000004" lon="-9.191">
        <ele>9.027179295658499</ele>
        <time>2024-09-06T17:25:49.092Z</time>
      </trkpt>
      <trkpt lat="38.69635" lon="-9.190605">
        <ele>11.726355951089175</ele>
        <time>2024-09-06T17:26:22.092Z</time>
      </trkpt>
      <trkpt lat="38.69652833333334" lon="-9.189981666666666">
        <ele>13.924748337094009</ele>
        <time>2024-09-06T17:27:26.101Z</time>
      </trkpt>
      <trkpt lat="38.696685" lon="-9.188956666666666">
        <ele>12.42233021342463</ele>
        <time>2024-09-06T17:28:54.094Z</time>
      </trkpt>
      <trkpt lat="38.69674" lon="-9.18823">
        <ele>7.7207115926235375</ele>
        <time>2024-09-06T17:30:00.101Z</time>
      </trkpt>
      <trkpt lat="38.69687333333333" lon="-9.187708333333335">
        <ele>11.019400404726923</ele>
        <time>2024-09-06T17:30:40.088Z</time>
      </trkpt>
      <trkpt lat="38.69685833333333" lon="-9.187548333333332">
        <ele>10.319083879829591</ele>
        <time>2024-09-06T17:30:53.096Z</time>
      </trkpt>
      <trkpt lat="38.69713166666667" lon="-9.185956666666668">
        <ele>10.115286336989676</ele>
        <time>2024-09-06T17:32:52.088Z</time>
      </trkpt>
      <trkpt lat="38.698348333333335" lon="-9.179165000000001">
        <ele>13.69899705775456</ele>
        <time>2024-09-06T17:41:38.095Z</time>
      </trkpt>
      <trkpt lat="38.69851333333334" lon="-9.178735">
        <ele>13.39779975041911</ele>
        <time>2024-09-06T17:42:09.096Z</time>
      </trkpt>
      <trkpt lat="38.69859333333333" lon="-9.178711666666667">
        <ele>14.79761384715745</ele>
        <time>2024-09-06T17:42:18.085Z</time>
      </trkpt>
      <trkpt lat="38.69916833333333" lon="-9.178955">
        <ele>21.397113138927452</ele>
        <time>2024-09-06T17:43:09.104Z</time>
      </trkpt>
      <trkpt lat="38.69958" lon="-9.179011666666666">
        <ele>11.796533545930686</ele>
        <time>2024-09-06T17:43:52.084Z</time>
      </trkpt>
      <trkpt lat="38.699796666666664" lon="-9.178178333333333">
        <ele>14.994432654903655</ele>
        <time>2024-09-06T17:45:25.095Z</time>
      </trkpt>
      <trkpt lat="38.70009666666667" lon="-9.177318333333334">
        <ele>13.092107471654735</ele>
        <time>2024-09-06T17:46:40.091Z</time>
      </trkpt>
      <trkpt lat="38.700230000000005" lon="-9.177093333333334">
        <ele>15.991391472702851</ele>
        <time>2024-09-06T17:47:08.085Z</time>
      </trkpt>
      <trkpt lat="38.700475" lon="-9.176266666666667">
        <ele>11.889272985363114</ele>
        <time>2024-09-06T17:48:24.059Z</time>
      </trkpt>
      <trkpt lat="38.700426666666665" lon="-9.175396666666668">
        <ele>6.687560279533223</ele>
        <time>2024-09-06T17:49:35.096Z</time>
      </trkpt>
      <trkpt lat="38.70053" lon="-9.175289999999999">
        <ele>7.2871538110083165</ele>
        <time>2024-09-06T17:49:52.086Z</time>
      </trkpt>
      <trkpt lat="38.700696666666666" lon="-9.17461">
        <ele>8.985447350961493</ele>
        <time>2024-09-06T17:50:41.101Z</time>
      </trkpt>
      <trkpt lat="38.70097666666666" lon="-9.174653333333334">
        <ele>6.785041497108423</ele>
        <time>2024-09-06T17:51:11.095Z</time>
      </trkpt>
      <trkpt lat="38.701024999999994" lon="-9.174428333333333">
        <ele>11.284500699390193</ele>
        <time>2024-09-06T17:51:25.072Z</time>
      </trkpt>
      <trkpt lat="38.701103333333336" lon="-9.174401666666666">
        <ele>11.984314937431243</ele>
        <time>2024-09-06T17:51:34.075Z</time>
      </trkpt>
      <trkpt lat="38.70146" lon="-9.174583333333334">
        <ele>12.984068021357018</ele>
        <time>2024-09-06T17:52:15.101Z</time>
      </trkpt>
      <trkpt lat="38.70168" lon="-9.173405">
        <ele>14.181299419310427</ele>
        <time>2024-09-06T17:53:54.065Z</time>
      </trkpt>
      <trkpt lat="38.701795" lon="-9.173300000000001">
        <ele>12.480829095784792</ele>
        <time>2024-09-06T17:54:09.098Z</time>
      </trkpt>
      <trkpt lat="38.701834999999996" lon="-9.173076666666667">
        <ele>11.2803147793515</ele>
        <time>2024-09-06T17:54:29.098Z</time>
      </trkpt>
      <trkpt lat="38.70189833333333" lon="-9.17303">
        <ele>12.48010569622619</ele>
        <time>2024-09-06T17:54:37.048Z</time>
      </trkpt>
      <trkpt lat="38.70187333333333" lon="-9.172861666666668">
        <ele>20.27979358715652</ele>
        <time>2024-09-06T17:55:14.101Z</time>
      </trkpt>
      <trkpt lat="38.70197666666666" lon="-9.172641666666667">
        <ele>9.07914179160101</ele>
        <time>2024-09-06T17:55:37.063Z</time>
      </trkpt>
      <trkpt lat="38.70217666666667" lon="-9.171533333333334">
        <ele>11.37653326513201</ele>
        <time>2024-09-06T17:57:07.072Z</time>
      </trkpt>
      <trkpt lat="38.70216166666667" lon="-9.171036666666668">
        <ele>12.2755060821273</ele>
        <time>2024-09-06T17:57:46.104Z</time>
      </trkpt>
      <trkpt lat="38.702888333333334" lon="-9.167315">
        <ele>12.966525041509243</ele>
        <time>2024-09-06T18:03:27.088Z</time>
      </trkpt>
      <trkpt lat="38.70296166666667" lon="-9.166895">
        <ele>11.265580740039667</ele>
        <time>2024-09-06T18:04:03.099Z</time>
      </trkpt>
      <trkpt lat="38.702905" lon="-9.166828333333333">
        <ele>12.065522061783376</ele>
        <time>2024-09-06T18:04:17.068Z</time>
      </trkpt>
      <trkpt lat="38.703073333333336" lon="-9.165991666666667">
        <ele>10.563504324148496</ele>
        <time>2024-09-06T18:05:29.089Z</time>
      </trkpt>
      <trkpt lat="38.703091666666666" lon="-9.163943333333332">
        <ele>7.759244116671368</ele>
        <time>2024-09-06T18:07:14.104Z</time>
      </trkpt>
      <trkpt lat="38.703131666666664" lon="-9.163838333333333">
        <ele>7.958956867082847</ele>
        <time>2024-09-06T18:07:21.101Z</time>
      </trkpt>
      <trkpt lat="38.703055" lon="-9.163451666666667">
        <ele>13.658228138416128</ele>
        <time>2024-09-06T18:07:49.086Z</time>
      </trkpt>
      <trkpt lat="38.703095" lon="-9.162740000000001">
        <ele>18.45677806325311</ele>
        <time>2024-09-06T18:08:33.095Z</time>
      </trkpt>
      <trkpt lat="38.70305166666667" lon="-9.162793333333333">
        <ele>17.356853692145442</ele>
        <time>2024-09-06T18:08:37.098Z</time>
      </trkpt>
      <trkpt lat="38.70285" lon="-9.16254">
        <ele>13.15670864144304</ele>
        <time>2024-09-06T18:08:50.092Z</time>
      </trkpt>
      <trkpt lat="38.70263666666666" lon="-9.161601666666666">
        <ele>12.955115628400954</ele>
        <time>2024-09-06T18:09:56.094Z</time>
      </trkpt>
      <trkpt lat="38.70263666666666" lon="-9.161366666666668">
        <ele>13.454634700481492</ele>
        <time>2024-09-06T18:10:12.092Z</time>
      </trkpt>
      <trkpt lat="38.70256166666666" lon="-9.161283333333333">
        <ele>11.954563610338965</ele>
        <time>2024-09-06T18:10:21.052Z</time>
      </trkpt>
      <trkpt lat="38.702605" lon="-9.161323333333334">
        <ele>9.254580873728322</ele>
        <time>2024-09-06T18:10:32.098Z</time>
      </trkpt>
      <trkpt lat="38.702635" lon="-9.16127">
        <ele>9.254466824192974</ele>
        <time>2024-09-06T18:10:36.095Z</time>
      </trkpt>
      <trkpt lat="38.70262833333334" lon="-9.16111">
        <ele>14.754115210333701</ele>
        <time>2024-09-06T18:10:47.085Z</time>
      </trkpt>
      <trkpt lat="38.702596666666665" lon="-9.161236666666667">
        <ele>15.854369143551743</ele>
        <time>2024-09-06T18:11:02.082Z</time>
      </trkpt>
      <trkpt lat="38.70265" lon="-9.161648333333334">
        <ele>13.555165377058799</ele>
        <time>2024-09-06T18:11:33.051Z</time>
      </trkpt>
      <trkpt lat="38.70294666666667" lon="-9.161668333333333">
        <ele>15.054737719068335</ele>
        <time>2024-09-06T18:11:55.075Z</time>
      </trkpt>
      <trkpt lat="38.70303333333333" lon="-9.161605">
        <ele>15.95445882126161</ele>
        <time>2024-09-06T18:12:04.079Z</time>
      </trkpt>
      <trkpt lat="38.70312833333333" lon="-9.161641666666666">
        <ele>15.454362744484627</ele>
        <time>2024-09-06T18:12:16.094Z</time>
      </trkpt>
      <trkpt lat="38.70321833333333" lon="-9.161791666666666">
        <ele>17.954496128627383</ele>
        <time>2024-09-06T18:12:32.094Z</time>
      </trkpt>
      <trkpt lat="38.70353" lon="-9.161634999999999">
        <ele>10.753710025433548</ele>
        <time>2024-09-06T18:12:57.075Z</time>
      </trkpt>
      <trkpt lat="38.703735" lon="-9.161223333333334">
        <ele>6.852481382750845</ele>
        <time>2024-09-06T18:13:30.101Z</time>
      </trkpt>
      <trkpt lat="38.704101666666666" lon="-9.159876666666666">
        <ele>15.449151418575774</ele>
        <time>2024-09-06T18:15:00.098Z</time>
      </trkpt>
      <trkpt lat="38.70497" lon="-9.157873333333333">
        <ele>14.94346465666878</ele>
        <time>2024-09-06T18:17:31.056Z</time>
      </trkpt>
      <trkpt lat="38.704971666666665" lon="-9.157691666666667">
        <ele>49.943112781137195</ele>
        <time>2024-09-06T18:17:51.040Z</time>
      </trkpt>
      <trkpt lat="38.705145" lon="-9.157663333333334">
        <ele>18.24275395204844</ele>
        <time>2024-09-06T18:18:07.096Z</time>
      </trkpt>
      <trkpt lat="38.70562333333333" lon="-9.156605">
        <ele>12.539787455894206</ele>
        <time>2024-09-06T18:19:33.094Z</time>
      </trkpt>
      <trkpt lat="38.70599833333333" lon="-9.15529">
        <ele>12.836439444877463</ele>
        <time>2024-09-06T18:21:14.075Z</time>
      </trkpt>
      <trkpt lat="38.70617666666667" lon="-9.153991666666666">
        <ele>10.133392295517098</ele>
        <time>2024-09-06T18:22:46.052Z</time>
      </trkpt>
      <trkpt lat="38.706111666666665" lon="-9.153966666666667">
        <ele>10.833495100763265</ele>
        <time>2024-09-06T18:22:57.071Z</time>
      </trkpt>
      <trkpt lat="38.706115" lon="-9.153098333333332">
        <ele>9.931688927699255</ele>
        <time>2024-09-06T18:24:05.104Z</time>
      </trkpt>
      <trkpt lat="38.706046666666666" lon="-9.152863333333332">
        <ele>7.1313304854568</ele>
        <time>2024-09-06T18:24:22.101Z</time>
      </trkpt>
      <trkpt lat="38.70608666666667" lon="-9.151046666666668">
        <ele>8.827524471904823</ele>
        <time>2024-09-06T18:26:25.088Z</time>
      </trkpt>
      <trkpt lat="38.70612833333333" lon="-9.150910000000001">
        <ele>10.427164933655966</ele>
        <time>2024-09-06T18:26:33.098Z</time>
      </trkpt>
      <trkpt lat="38.706115" lon="-9.149635">
        <ele>7.8245446689435525</ele>
        <time>2024-09-06T18:28:05.089Z</time>
      </trkpt>
      <trkpt lat="38.70605666666667" lon="-9.148926666666666">
        <ele>12.723203688177257</ele>
        <time>2024-09-06T18:29:00.101Z</time>
      </trkpt>
      <trkpt lat="38.70597" lon="-9.148795">
        <ele>13.623030844469234</ele>
        <time>2024-09-06T18:29:11.079Z</time>
      </trkpt>
      <trkpt lat="38.705675" lon="-9.147371666666666">
        <ele>11.720552218386928</ele>
        <time>2024-09-06T18:31:03.095Z</time>
      </trkpt>
      <trkpt lat="38.705708333333334" lon="-9.147168333333333">
        <ele>13.320109848152093</ele>
        <time>2024-09-06T18:31:17.086Z</time>
      </trkpt>
      <trkpt lat="38.70565666666666" lon="-9.14656">
        <ele>15.618966307447494</ele>
        <time>2024-09-06T18:31:56.096Z</time>
      </trkpt>
      <trkpt lat="38.705715000000005" lon="-9.146445">
        <ele>15.118614043853519</ele>
        <time>2024-09-06T18:32:06.068Z</time>
      </trkpt>
      <trkpt lat="38.70571333333333" lon="-9.146253333333334">
        <ele>16.018209124074843</ele>
        <time>2024-09-06T18:32:18.104Z</time>
      </trkpt>
      <trkpt lat="38.70563833333333" lon="-9.145815">
        <ele>13.617415253025591</ele>
        <time>2024-09-06T18:32:46.095Z</time>
      </trkpt>
      <trkpt lat="38.70551833333333" lon="-9.145506666666668">
        <ele>11.716987900189096</ele>
        <time>2024-09-06T18:33:07.095Z</time>
      </trkpt>
      <trkpt lat="38.70549166666667" lon="-9.14516">
        <ele>12.316289860928997</ele>
        <time>2024-09-06T18:33:30.049Z</time>
      </trkpt>
      <trkpt lat="38.70545833333333" lon="-9.145196666666667">
        <ele>17.516356980139847</ele>
        <time>2024-09-06T18:34:35.088Z</time>
      </trkpt>
      <trkpt lat="38.70553666666667" lon="-9.145031666666666">
        <ele>18.315960374735084</ele>
        <time>2024-09-06T18:34:52.049Z</time>
      </trkpt>
      <trkpt lat="38.705603333333336" lon="-9.144968333333333">
        <ele>22.01572183618125</ele>
        <time>2024-09-06T18:35:09.075Z</time>
      </trkpt>
      <trkpt lat="38.70657166666667" lon="-9.144910000000001">
        <ele>11.514018215368473</ele>
        <time>2024-09-06T18:36:23.082Z</time>
      </trkpt>
      <trkpt lat="38.706625" lon="-9.144838333333333">
        <ele>14.313789578779087</ele>
        <time>2024-09-06T18:36:31.096Z</time>
      </trkpt>
      <trkpt lat="38.706781666666664" lon="-9.144843333333334">
        <ele>26.613543929239242</ele>
        <time>2024-09-06T18:36:48.088Z</time>
      </trkpt>
      <trkpt lat="38.70710666666666" lon="-9.144696666666666">
        <ele>23.71271681963114</ele>
        <time>2024-09-06T18:37:14.094Z</time>
      </trkpt>
      <trkpt lat="38.70708" lon="-9.144385">
        <ele>15.312107587203379</ele>
        <time>2024-09-06T18:37:33.076Z</time>
      </trkpt>
      <trkpt lat="38.70678833333333" lon="-9.143669999999998">
        <ele>18.11110265186818</ele>
        <time>2024-09-06T18:38:30.092Z</time>
      </trkpt>
      <trkpt lat="38.70682166666666" lon="-9.143208333333332">
        <ele>25.31009194300053</ele>
        <time>2024-09-06T18:39:01.091Z</time>
      </trkpt>
      <trkpt lat="38.70686833333333" lon="-9.143463333333333">
        <ele>20.910518458808845</ele>
        <time>2024-09-06T18:39:19.092Z</time>
      </trkpt>
      <trkpt lat="38.70724166666666" lon="-9.143468333333335">
        <ele>36.30994660363484</ele>
        <time>2024-09-06T18:40:12.102Z</time>
      </trkpt>
      <trkpt lat="38.709825" lon="-9.143094999999999">
        <ele>49.70498933454509</ele>
        <time>2024-09-06T18:44:20.092Z</time>
      </trkpt>
      <trkpt lat="38.71048" lon="-9.143058333333332">
        <ele>66.10385061630916</ele>
        <time>2024-09-06T18:45:21.098Z</time>
      </trkpt>
      <trkpt lat="38.710695" lon="-9.142933333333334">
        <ele>52.80325009744423</ele>
        <time>2024-09-06T18:45:43.052Z</time>
      </trkpt>
      <trkpt lat="38.71174499999999" lon="-9.142903333333333">
        <ele>85.40149624083361</ele>
        <time>2024-09-06T18:47:23.099Z</time>
      </trkpt>
      <trkpt lat="38.712073333333336" lon="-9.14299">
        <ele>80.60112172864038</ele>
        <time>2024-09-06T18:47:54.095Z</time>
      </trkpt>
      <trkpt lat="38.71216166666667" lon="-9.143048333333333">
        <ele>76.70110666790434</ele>
        <time>2024-09-06T18:48:18.052Z</time>
      </trkpt>
      <trkpt lat="38.712149999999994" lon="-9.143121666666667">
        <ele>77.30125024680487</ele>
        <time>2024-09-06T18:48:27.065Z</time>
      </trkpt>
      <trkpt lat="38.71244166666667" lon="-9.143163333333332">
        <ele>75.60089179917655</ele>
        <time>2024-09-06T18:48:57.092Z</time>
      </trkpt>
      <trkpt lat="38.71304666666666" lon="-9.143416666666667">
        <ele>86.90042545617646</ele>
        <time>2024-09-06T18:49:54.079Z</time>
      </trkpt>
      <trkpt lat="38.71411" lon="-9.144098333333334">
        <ele>82.30010346006935</ele>
        <time>2024-09-06T18:51:51.051Z</time>
      </trkpt>
      <trkpt lat="38.715185" lon="-9.143556666666665">
        <ele>58.19727740513534</ele>
        <time>2024-09-06T18:54:06.119Z</time>
      </trkpt>
      <trkpt lat="38.715495000000004" lon="-9.143786666666667">
        <ele>55.69722241477981</ele>
        <time>2024-09-06T18:54:47.108Z</time>
      </trkpt>
      <trkpt lat="38.71577666666667" lon="-9.14368">
        <ele>55.29656147638324</ele>
        <time>2024-09-06T18:55:19.013Z</time>
      </trkpt>
      <trkpt lat="38.71624666666666" lon="-9.144111666666667">
        <ele>49.096643320524215</ele>
        <time>2024-09-06T19:47:30.079Z</time>
      </trkpt>
      <trkpt lat="38.71618333333333" lon="-9.144148333333334">
        <ele>55.29683141996546</ele>
        <time>2024-09-06T19:47:43.072Z</time>
      </trkpt>
      <trkpt lat="38.716181666666664" lon="-9.14408">
        <ele>55.296717171608925</ele>
        <time>2024-09-06T19:48:02.048Z</time>
      </trkpt>
      <trkpt lat="38.716256666666666" lon="-9.144125">
        <ele>46.19669909342666</ele>
        <time>2024-09-06T19:49:51.061Z</time>
      </trkpt>
      <trkpt lat="38.716318333333334" lon="-9.144346666666667">
        <ele>54.7970310482234</ele>
        <time>2024-09-06T19:50:14.062Z</time>
      </trkpt>
      <trkpt lat="38.716633333333334" lon="-9.143994999999999">
        <ele>49.6959555063538</ele>
        <time>2024-09-06T19:51:16.066Z</time>
      </trkpt>
      <trkpt lat="38.71669333333333" lon="-9.143996666666668">
        <ele>48.495769245325356</ele>
        <time>2024-09-06T19:51:25.075Z</time>
      </trkpt>
      <trkpt lat="38.717326666666665" lon="-9.144981666666666">
        <ele>43.49668137166732</ele>
        <time>2024-09-06T19:52:45.069Z</time>
      </trkpt>
      <trkpt lat="38.717395" lon="-9.14497">
        <ele>44.69657357476914</ele>
        <time>2024-09-06T19:52:53.059Z</time>
      </trkpt>
      <trkpt lat="38.717475" lon="-9.145163333333333">
        <ele>42.79680578651347</ele>
        <time>2024-09-06T19:53:08.065Z</time>
      </trkpt>
      <trkpt lat="38.71758666666666" lon="-9.145195">
        <ele>51.496732212695804</ele>
        <time>2024-09-06T19:53:17.059Z</time>
      </trkpt>
      <trkpt lat="38.717686666666665" lon="-9.145061666666667">
        <ele>55.6963107346941</ele>
        <time>2024-09-06T19:53:27.066Z</time>
      </trkpt>
      <trkpt lat="38.718035" lon="-9.145209999999999">
        <ele>44.19602012320619</ele>
        <time>2024-09-06T19:53:50.063Z</time>
      </trkpt>
      <trkpt lat="38.718131666666665" lon="-9.145408333333334">
        <ele>39.39623787637489</ele>
        <time>2024-09-06T19:54:06.072Z</time>
      </trkpt>
      <trkpt lat="38.71822833333333" lon="-9.145226666666668">
        <ele>37.09575495558494</ele>
        <time>2024-09-06T19:54:21.069Z</time>
      </trkpt>
      <trkpt lat="38.71905666666667" lon="-9.145576666666667">
        <ele>48.895115689572236</ele>
        <time>2024-09-06T19:55:23.065Z</time>
      </trkpt>
      <trkpt lat="38.719205" lon="-9.145346666666667">
        <ele>40.994437566264814</ele>
        <time>2024-09-06T19:55:37.055Z</time>
      </trkpt>
      <trkpt lat="38.71937666666667" lon="-9.145413333333332">
        <ele>38.69426421764644</ele>
        <time>2024-09-06T19:55:59.046Z</time>
      </trkpt>
      <trkpt lat="38.721696666666666" lon="-9.14739">
        <ele>53.09450463332708</ele>
        <time>2024-09-06T19:59:35.085Z</time>
      </trkpt>
      <trkpt lat="38.72186333333333" lon="-9.147671666666668">
        <ele>55.29479454202306</ele>
        <time>2024-09-06T19:59:47.085Z</time>
      </trkpt>
      <trkpt lat="38.72235" lon="-9.148013333333333">
        <ele>62.79471024497701</ele>
        <time>2024-09-06T20:00:29.095Z</time>
      </trkpt>
      <trkpt lat="38.722395" lon="-9.148148333333333">
        <ele>62.594905900423434</ele>
        <time>2024-09-06T20:00:42.099Z</time>
      </trkpt>
      <trkpt lat="38.72322333333333" lon="-9.148805000000001">
        <ele>58.89489186761904</ele>
        <time>2024-09-06T20:01:44.098Z</time>
      </trkpt>
      <trkpt lat="38.72332666666667" lon="-9.148726666666667">
        <ele>61.19459177206187</ele>
        <time>2024-09-06T20:01:52.088Z</time>
      </trkpt>
      <trkpt lat="38.72347166666667" lon="-9.14881">
        <ele>62.39450984481444</ele>
        <time>2024-09-06T20:02:03.058Z</time>
      </trkpt>
      <trkpt lat="38.724219999999995" lon="-9.149428333333333">
        <ele>62.19452804662042</ele>
        <time>2024-09-06T20:03:09.078Z</time>
      </trkpt>
      <trkpt lat="38.72425333333333" lon="-9.149615">
        <ele>63.99484516176456</ele>
        <time>2024-09-06T20:03:18.073Z</time>
      </trkpt>
      <trkpt lat="38.72445833333334" lon="-9.149521666666667">
        <ele>65.49437077673107</ele>
        <time>2024-09-06T20:03:28.086Z</time>
      </trkpt>
      <trkpt lat="38.72457833333333" lon="-9.149696666666667">
        <ele>66.69448860543753</ele>
        <time>2024-09-06T20:03:41.049Z</time>
      </trkpt>
      <trkpt lat="38.724666666666664" lon="-9.149650000000001">
        <ele>65.19428276704332</ele>
        <time>2024-09-06T20:03:49.051Z</time>
      </trkpt>
      <trkpt lat="38.724785" lon="-9.149759999999999">
        <ele>65.39428363857681</ele>
        <time>2024-09-06T20:04:04.449Z</time>
      </trkpt>
      <trkpt lat="38.72478833333333" lon="-9.149939999999999">
        <ele>60.466834521029895</ele>
        <time>2024-09-06T20:04:19.246Z</time>
      </trkpt>
      <trkpt lat="38.72464333333333" lon="-9.150543333333333">
        <ele>67.99604493040673</ele>
        <time>2024-09-06T20:05:01.579Z</time>
      </trkpt>
      <trkpt lat="38.72298" lon="-9.151615">
        <ele>84.94906374264922</ele>
        <time>2024-09-06T20:07:41.585Z</time>
      </trkpt>
      <trkpt lat="38.72296333333334" lon="-9.151473333333334">
        <ele>78.40072804678283</ele>
        <time>2024-09-06T20:12:41.085Z</time>
      </trkpt>
      <trkpt lat="38.72289333333333" lon="-9.15141">
        <ele>83.3006910367989</ele>
        <time>2024-09-06T20:12:53.081Z</time>
      </trkpt>
      <trkpt lat="38.72401" lon="-9.150748333333333">
        <ele>81.09755045968257</ele>
        <time>2024-09-06T20:14:49.089Z</time>
      </trkpt>
      <trkpt lat="38.723935" lon="-9.150471666666666">
        <ele>82.39712709132621</ele>
        <time>2024-09-06T20:15:04.088Z</time>
      </trkpt>
      <trkpt lat="38.723755" lon="-9.150325">
        <ele>78.1970949301691</ele>
        <time>2024-09-06T20:15:24.075Z</time>
      </trkpt>
      <trkpt lat="38.723926666666664" lon="-9.150073333333333">
        <ele>76.6963102011118</ele>
        <time>2024-09-06T20:17:10.101Z</time>
      </trkpt>
      <trkpt lat="38.723843333333335" lon="-9.150036666666667">
        <ele>86.89635216976978</ele>
        <time>2024-09-06T20:18:00.072Z</time>
      </trkpt>
      <trkpt lat="38.72416166666667" lon="-9.150308333333333">
        <ele>80.09639696713997</ele>
        <time>2024-09-06T20:20:05.088Z</time>
      </trkpt>
      <trkpt lat="38.724153333333334" lon="-9.150461666666667">
        <ele>80.29667682856419</ele>
        <time>2024-09-06T20:20:10.082Z</time>
      </trkpt>
      <trkpt lat="38.72399666666667" lon="-9.150718333333334">
        <ele>76.19723555027034</ele>
        <time>2024-09-06T20:20:27.062Z</time>
      </trkpt>
      <trkpt lat="38.72403333333333" lon="-9.150755">
        <ele>75.59747620851255</ele>
        <time>2024-09-06T20:21:02.065Z</time>
      </trkpt>
      <trkpt lat="38.723885" lon="-9.150771666666666">
        <ele>73.79773541315416</ele>
        <time>2024-09-06T20:21:16.084Z</time>
      </trkpt>
      <trkpt lat="38.72365" lon="-9.150968333333333">
        <ele>84.29853799087603</ele>
        <time>2024-09-06T20:21:41.096Z</time>
      </trkpt>
      <trkpt lat="38.72336666666667" lon="-9.151028333333333">
        <ele>86.89910536060924</ele>
        <time>2024-09-06T20:22:15.088Z</time>
      </trkpt>
      <trkpt lat="38.721176666666665" lon="-9.152395">
        <ele>85.40544169664098</ele>
        <time>2024-09-06T20:25:22.088Z</time>
      </trkpt>
      <trkpt lat="38.72022833333333" lon="-9.154233333333334">
        <ele>63.71064927932626</ele>
        <time>2024-09-06T20:27:32.085Z</time>
      </trkpt>
      <trkpt lat="38.720195" lon="-9.154348333333333">
        <ele>67.11093221289818</ele>
        <time>2024-09-06T20:27:40.088Z</time>
      </trkpt>
      <trkpt lat="38.72038666666666" lon="-9.154509999999998">
        <ele>78.71108048946142</ele>
        <time>2024-09-06T20:28:18.075Z</time>
      </trkpt>
      <trkpt lat="38.72042166666667" lon="-9.154183333333332">
        <ele>81.11034768707756</ele>
        <time>2024-09-06T20:28:46.092Z</time>
      </trkpt>
      <trkpt lat="38.720193333333334" lon="-9.154013333333333">
        <ele>81.01033695931292</ele>
        <time>2024-09-06T20:29:44.108Z</time>
      </trkpt>
      <trkpt lat="38.72011166666667" lon="-9.154108333333333">
        <ele>79.51066757547363</ele>
        <time>2024-09-06T20:29:54.078Z</time>
      </trkpt>
      <trkpt lat="38.71994666666667" lon="-9.154456666666666">
        <ele>75.61161831315275</ele>
        <time>2024-09-06T20:30:12.446Z</time>
      </trkpt>
      <trkpt lat="38.7198332741213" lon="-9.154976201532094">
        <ele>69.86108499236965</ele>
        <time>2024-09-06T20:30:36.763Z</time>
      </trkpt>
      <trkpt lat="38.71929631767151" lon="-9.154892299423409">
        <ele>69.70443937494494</ele>
        <time>2024-09-06T20:31:08.014Z</time>
      </trkpt>
      <trkpt lat="38.71984620092783" lon="-9.155013236524553">
        <ele>69.99053167325974</ele>
        <time>2024-09-06T20:32:14.103Z</time>
      </trkpt>
      <trkpt lat="38.71998833333334" lon="-9.154343333333333">
        <ele>71.58153254804247</ele>
        <time>2024-09-06T20:33:18.264Z</time>
      </trkpt>
      <trkpt lat="38.71982" lon="-9.154191666666666">
        <ele>73.61133211863955</ele>
        <time>2024-09-06T20:34:24.076Z</time>
      </trkpt>
      <trkpt lat="38.71984" lon="-9.154123333333333">
        <ele>79.71130272082375</ele>
        <time>2024-09-06T20:34:45.052Z</time>
      </trkpt>
      <trkpt lat="38.720040000000004" lon="-9.154235">
        <ele>82.7110712349403</ele>
        <time>2024-09-06T20:35:04.095Z</time>
      </trkpt>
      <trkpt lat="38.72000666666667" lon="-9.154365">
        <ele>78.21136109292037</ele>
        <time>2024-09-06T20:35:18.096Z</time>
      </trkpt>
      <trkpt lat="38.720166666666664" lon="-9.15444">
        <ele>75.11127273146597</ele>
        <time>2024-09-06T20:36:23.075Z</time>
      </trkpt>
      <trkpt lat="38.72029" lon="-9.154106666666667">
        <ele>77.81042227774823</ele>
        <time>2024-09-06T20:37:18.098Z</time>
      </trkpt>
      <trkpt lat="38.72025833333333" lon="-9.154128333333334">
        <ele>74.2104829214712</ele>
        <time>2024-09-06T20:37:42.088Z</time>
      </trkpt>
      <trkpt lat="38.72040833333333" lon="-9.154176666666666">
        <ele>75.91034696123165</ele>
        <time>2024-09-06T20:37:59.099Z</time>
      </trkpt>
      <trkpt lat="38.72046" lon="-9.154278333333334">
        <ele>76.61046037574343</ele>
        <time>2024-09-06T20:38:09.078Z</time>
      </trkpt>
      <trkpt lat="38.72061" lon="-9.15428">
        <ele>100.01019625892113</ele>
        <time>2024-09-06T20:48:15.095Z</time>
      </trkpt>
      <trkpt lat="38.720815" lon="-9.154146666666666">
        <ele>100.90962667125874</ele>
        <time>2024-09-06T20:48:48.453Z</time>
      </trkpt>
      <trkpt lat="38.72079106150099" lon="-9.154186847658053">
        <ele>79.96016481718917</ele>
        <time>2024-09-06T20:48:56.689Z</time>
      </trkpt>
      <trkpt lat="38.720400000000005" lon="-9.154235">
        <ele>78.08992544427899</ele>
        <time>2024-09-06T21:16:41.139Z</time>
      </trkpt>
      <trkpt lat="38.72037833333333" lon="-9.154176666666666">
        <ele>98.11043924572306</ele>
        <time>2024-09-06T22:00:58.078Z</time>
      </trkpt>
      <trkpt lat="38.72121833333333" lon="-9.152661666666667">
        <ele>75.50595547929444</ele>
        <time>2024-09-06T22:02:50.095Z</time>
      </trkpt>
      <trkpt lat="38.72226333333333" lon="-9.152086666666666">
        <ele>71.60310784632267</ele>
        <time>2024-09-06T22:04:24.092Z</time>
      </trkpt>
      <trkpt lat="38.72238333333333" lon="-9.151938333333334">
        <ele>71.70260696785289</ele>
        <time>2024-09-06T22:04:43.089Z</time>
      </trkpt>
      <trkpt lat="38.723015000000004" lon="-9.151611666666668">
        <ele>74.60092452847988</ele>
        <time>2024-09-06T22:05:38.095Z</time>
      </trkpt>
      <trkpt lat="38.724471666666666" lon="-9.150685000000001">
        <ele>38.89666780079434</ele>
        <time>2024-09-06T22:07:54.092Z</time>
      </trkpt>
      <trkpt lat="38.724720000000005" lon="-9.150656666666666">
        <ele>62.39619951817855</ele>
        <time>2024-09-06T22:09:23.084Z</time>
      </trkpt>
      <trkpt lat="38.72507333333333" lon="-9.150961666666666">
        <ele>72.2962315792604</ele>
        <time>2024-09-06T22:10:01.086Z</time>
      </trkpt>
      <trkpt lat="38.72561333333333" lon="-9.150826666666667">
        <ele>66.19508118421852</ele>
        <time>2024-09-06T22:10:43.085Z</time>
      </trkpt>
      <trkpt lat="38.72593166666666" lon="-9.15051">
        <ele>66.29397804486268</ele>
        <time>2024-09-06T22:11:14.088Z</time>
      </trkpt>
      <trkpt lat="38.72604833333333" lon="-9.149901666666667">
        <ele>61.3925306078246</ele>
        <time>2024-09-06T22:11:56.091Z</time>
      </trkpt>
      <trkpt lat="38.72782666666667" lon="-9.148785">
        <ele>69.9874141869436</ele>
        <time>2024-09-06T22:14:34.095Z</time>
      </trkpt>
      <trkpt lat="38.727995" lon="-9.148751666666668">
        <ele>74.08710200863193</ele>
        <time>2024-09-06T22:14:51.098Z</time>
      </trkpt>
      <trkpt lat="38.728215" lon="-9.148940000000001">
        <ele>75.78707462776572</ele>
        <time>2024-09-06T22:15:11.088Z</time>
      </trkpt>
      <trkpt lat="38.72848833333333" lon="-9.149001666666667">
        <ele>75.28676234953979</ele>
        <time>2024-09-06T22:15:37.092Z</time>
      </trkpt>
      <trkpt lat="38.72979" lon="-9.150048333333332">
        <ele>84.48674329865145</ele>
        <time>2024-09-06T22:17:38.091Z</time>
      </trkpt>
      <trkpt lat="38.729985000000006" lon="-9.150301666666667">
        <ele>81.38692890089058</ele>
        <time>2024-09-06T22:18:15.088Z</time>
      </trkpt>
      <trkpt lat="38.730601666666665" lon="-9.150839999999999">
        <ele>76.88700640212063</ele>
        <time>2024-09-06T22:19:23.092Z</time>
      </trkpt>
      <trkpt lat="38.730805000000004" lon="-9.150718333333334">
        <ele>86.18647232320026</ele>
        <time>2024-09-06T22:19:50.095Z</time>
      </trkpt>
      <trkpt lat="38.731006666666666" lon="-9.150195">
        <ele>86.48505499881483</ele>
        <time>2024-09-06T22:20:52.079Z</time>
      </trkpt>
      <trkpt lat="38.73108" lon="-9.150208333333333">
        <ele>91.28508180059563</ele>
        <time>2024-09-06T22:21:21.069Z</time>
      </trkpt>
      <trkpt lat="38.73184166666667" lon="-9.149714999999999">
        <ele>110.28279330362142</ele>
        <time>2024-09-06T22:22:47.702Z</time>
      </trkpt>
      <trkpt lat="38.73160795414586" lon="-9.14872447244079">
        <ele>89.82554301590005</ele>
        <time>2024-09-06T22:24:09.654Z</time>
      </trkpt>
      <trkpt lat="38.73185243417012" lon="-9.148269337081615">
        <ele>89.88715498694464</ele>
        <time>2024-09-06T22:24:53.416Z</time>
      </trkpt>
      <trkpt lat="38.73156475425159" lon="-9.148694475805456">
        <ele>88.95835655120928</ele>
        <time>2024-09-06T22:25:53.576Z</time>
      </trkpt>
      <trkpt lat="38.731145" lon="-9.147668333333334">
        <ele>89.85498180869088</ele>
        <time>2024-09-06T22:27:57.417Z</time>
      </trkpt>
      <trkpt lat="38.73088333333333" lon="-9.147793333333334">
        <ele>89.78046242263906</ele>
        <time>2024-09-06T22:49:24.084Z</time>
      </trkpt>
      <trkpt lat="38.730805000000004" lon="-9.14795">
        <ele>88.88086449195535</ele>
        <time>2024-09-06T22:49:38.072Z</time>
      </trkpt>
      <trkpt lat="38.730313333333335" lon="-9.148235">
        <ele>96.48224496672924</ele>
        <time>2024-09-06T22:50:15.086Z</time>
      </trkpt>
      <trkpt lat="38.729951666666665" lon="-9.147441666666667">
        <ele>92.88132558299883</ele>
        <time>2024-09-06T22:51:09.082Z</time>
      </trkpt>
      <trkpt lat="38.730045000000004" lon="-9.147318333333335">
        <ele>90.38097344256943</ele>
        <time>2024-09-06T22:51:30.082Z</time>
      </trkpt>
      <trkpt lat="38.729166666666664" lon="-9.147888333333333">
        <ele>87.58339100233292</ele>
        <time>2024-09-06T22:52:59.062Z</time>
      </trkpt>
      <trkpt lat="38.72906166666667" lon="-9.147651666666667">
        <ele>90.68311979300456</ele>
        <time>2024-09-06T22:53:11.071Z</time>
      </trkpt>
      <trkpt lat="38.728715" lon="-9.14774">
        <ele>88.28386521337478</ele>
        <time>2024-09-06T22:54:04.056Z</time>
      </trkpt>
      <trkpt lat="38.72827666666667" lon="-9.148003333333332">
        <ele>82.68508358736494</ele>
        <time>2024-09-06T22:55:05.078Z</time>
      </trkpt>
      <trkpt lat="38.728278333333336" lon="-9.148081666666666">
        <ele>86.68521703359366</ele>
        <time>2024-09-06T22:55:29.066Z</time>
      </trkpt>
      <trkpt lat="38.728105" lon="-9.148301666666667">
        <ele>88.88592601334409</ele>
        <time>2024-09-06T22:55:46.055Z</time>
      </trkpt>
      <trkpt lat="38.727738333333335" lon="-9.148548333333334">
        <ele>87.38703533902856</ele>
        <time>2024-09-06T22:56:23.072Z</time>
      </trkpt>
      <trkpt lat="38.72754" lon="-9.148655">
        <ele>83.68759325826007</ele>
        <time>2024-09-06T22:56:47.063Z</time>
      </trkpt>
      <trkpt lat="38.72727166666667" lon="-9.14863">
        <ele>75.28796098878476</ele>
        <time>2024-09-06T22:57:11.068Z</time>
      </trkpt>
      <trkpt lat="38.72612166666667" lon="-9.149251666666666">
        <ele>66.59106411343618</ele>
        <time>2024-09-06T22:59:07.066Z</time>
      </trkpt>
      <trkpt lat="38.72595833333333" lon="-9.149405">
        <ele>64.7916536447739</ele>
        <time>2024-09-06T22:59:24.062Z</time>
      </trkpt>
      <trkpt lat="38.725665000000006" lon="-9.149104999999999">
        <ele>69.59153238525857</ele>
        <time>2024-09-06T22:59:57.066Z</time>
      </trkpt>
      <trkpt lat="38.725498333333334" lon="-9.149011666666667">
        <ele>71.99160822285923</ele>
        <time>2024-09-06T23:00:09.062Z</time>
      </trkpt>
      <trkpt lat="38.725294999999996" lon="-9.149078333333334">
        <ele>68.49207243888307</ele>
        <time>2024-09-06T23:00:25.069Z</time>
      </trkpt>
      <trkpt lat="38.72507333333333" lon="-9.14884">
        <ele>63.391964556762794</ele>
        <time>2024-09-06T23:00:54.065Z</time>
      </trkpt>
      <trkpt lat="38.724825" lon="-9.148898333333333">
        <ele>55.69248977933019</ele>
        <time>2024-09-06T23:01:19.059Z</time>
      </trkpt>
      <trkpt lat="38.72472333333334" lon="-9.149023333333334">
        <ele>57.692843596154745</ele>
        <time>2024-09-06T23:01:31.091Z</time>
      </trkpt>
      <trkpt lat="38.72440666666667" lon="-9.148971666666666">
        <ele>64.79329472204586</ele>
        <time>2024-09-06T23:01:46.076Z</time>
      </trkpt>
      <trkpt lat="38.72360666666667" lon="-9.148283333333334">
        <ele>65.59321898803432</ele>
        <time>2024-09-06T23:03:11.065Z</time>
      </trkpt>
      <trkpt lat="38.72349666666666" lon="-9.148548333333334">
        <ele>58.29387975850309</ele>
        <time>2024-09-06T23:03:47.092Z</time>
      </trkpt>
      <trkpt lat="38.723438333333334" lon="-9.148623333333335">
        <ele>57.19415651386335</ele>
        <time>2024-09-06T23:03:54.059Z</time>
      </trkpt>
      <trkpt lat="38.723335" lon="-9.148615000000001">
        <ele>56.6943146528849</ele>
        <time>2024-09-06T23:04:10.075Z</time>
      </trkpt>
      <trkpt lat="38.72321833333333" lon="-9.148851666666667">
        <ele>53.994990587289074</ele>
        <time>2024-09-06T23:04:25.068Z</time>
      </trkpt>
      <trkpt lat="38.72300666666667" lon="-9.148566666666666">
        <ele>53.09476776257672</ele>
        <time>2024-09-06T23:04:48.075Z</time>
      </trkpt>
      <trkpt lat="38.722845" lon="-9.148501666666668">
        <ele>48.39489478583107</ele>
        <time>2024-09-06T23:05:03.059Z</time>
      </trkpt>
      <trkpt lat="38.72282833333334" lon="-9.148388333333333">
        <ele>48.59469917300429</ele>
        <time>2024-09-06T23:05:13.065Z</time>
      </trkpt>
      <trkpt lat="38.722321666666666" lon="-9.14801">
        <ele>49.694759492526394</ele>
        <time>2024-09-06T23:06:00.095Z</time>
      </trkpt>
      <trkpt lat="38.72220333333333" lon="-9.147998333333334">
        <ele>47.79489606867724</ele>
        <time>2024-09-06T23:06:08.091Z</time>
      </trkpt>
      <trkpt lat="38.72186166666667" lon="-9.147701666666668">
        <ele>42.39486989589603</ele>
        <time>2024-09-06T23:06:46.085Z</time>
      </trkpt>
      <trkpt lat="38.721628333333335" lon="-9.147328333333332">
        <ele>47.49450267784936</ele>
        <time>2024-09-06T23:07:18.091Z</time>
      </trkpt>
      <trkpt lat="38.720119999999994" lon="-9.145938333333334">
        <ele>55.69412387266683</ele>
        <time>2024-09-06T23:09:54.102Z</time>
      </trkpt>
      <trkpt lat="38.72007333333333" lon="-9.146018333333334">
        <ele>50.994351984799046</ele>
        <time>2024-09-06T23:10:03.092Z</time>
      </trkpt>
      <trkpt lat="38.719908333333336" lon="-9.145735">
        <ele>50.1940580116224</ele>
        <time>2024-09-06T23:10:29.096Z</time>
      </trkpt>
      <trkpt lat="38.71940333333334" lon="-9.145305">
        <ele>46.19399875187671</ele>
        <time>2024-09-06T23:11:23.053Z</time>
      </trkpt>
      <trkpt lat="38.719235000000005" lon="-9.14533">
        <ele>38.594292434369265</ele>
        <time>2024-09-06T23:11:49.063Z</time>
      </trkpt>
      <trkpt lat="38.719085" lon="-9.14547">
        <ele>43.494832493123276</ele>
        <time>2024-09-06T23:12:05.075Z</time>
      </trkpt>
      <trkpt lat="38.718201666666666" lon="-9.145164999999999">
        <ele>58.09564655733138</ele>
        <time>2024-09-06T23:13:56.105Z</time>
      </trkpt>
      <trkpt lat="38.71823" lon="-9.145305">
        <ele>51.2958553431145</ele>
        <time>2024-09-06T23:14:07.095Z</time>
      </trkpt>
      <trkpt lat="38.71816666666667" lon="-9.145403333333332">
        <ele>48.99616316250772</ele>
        <time>2024-09-06T23:14:14.078Z</time>
      </trkpt>
      <trkpt lat="38.717996666666664" lon="-9.145340000000001">
        <ele>44.59634117767116</ele>
        <time>2024-09-06T23:14:37.049Z</time>
      </trkpt>
      <trkpt lat="38.717975" lon="-9.145106666666667">
        <ele>52.195899733919205</ele>
        <time>2024-09-06T23:14:59.059Z</time>
      </trkpt>
      <trkpt lat="38.717751666666665" lon="-9.145163333333333">
        <ele>42.29635512971667</ele>
        <time>2024-09-06T23:16:22.063Z</time>
      </trkpt>
      <trkpt lat="38.717549999999996" lon="-9.145101666666667">
        <ele>46.496575370539574</ele>
        <time>2024-09-06T23:16:47.063Z</time>
      </trkpt>
      <trkpt lat="38.71738333333334" lon="-9.144958333333333">
        <ele>48.29654114422691</ele>
        <time>2024-09-06T23:17:11.068Z</time>
      </trkpt>
      <trkpt lat="38.717376666666674" lon="-9.144861666666666">
        <ele>48.096373368498334</ele>
        <time>2024-09-06T23:17:19.055Z</time>
      </trkpt>
      <trkpt lat="38.716728333333336" lon="-9.143955">
        <ele>36.8955727420806</ele>
        <time>2024-09-06T23:18:53.055Z</time>
      </trkpt>
      <trkpt lat="38.71652666666667" lon="-9.144315">
        <ele>45.096618366684766</ele>
        <time>2024-09-06T23:19:58.055Z</time>
      </trkpt>
      <trkpt lat="38.716258333333336" lon="-9.144213333333333">
        <ele>53.09684627214111</ele>
        <time>2024-09-06T23:20:18.072Z</time>
      </trkpt>
      <trkpt lat="38.716208333333334" lon="-9.144103333333334">
        <ele>55.09671428843944</ele>
        <time>2024-09-06T23:20:41.048Z</time>
      </trkpt>
      <trkpt lat="38.715513333333334" lon="-9.143996666666668">
        <ele>52.29667055314487</ele>
        <time>2024-09-06T23:25:46.095Z</time>
      </trkpt>
      <trkpt lat="38.715741666666666" lon="-9.143965">
        <ele>40.497321606097245</ele>
        <time>2024-09-06T23:25:49.082Z</time>
      </trkpt>
      <trkpt lat="38.717596666666665" lon="-9.143106666666666">
        <ele>31.8924652133907</ele>
        <time>2024-09-06T23:28:55.413Z</time>
      </trkpt>
      <trkpt lat="38.71848166666667" lon="-9.143743333333333">
        <ele>25.592316697980472</ele>
        <time>2024-09-06T23:30:39.452Z</time>
      </trkpt>
      <trkpt lat="38.71891" lon="-9.143415000000001">
        <ele>27.590984539054844</ele>
        <time>2024-09-06T23:31:25.471Z</time>
      </trkpt>
      <trkpt lat="38.71906833333333" lon="-9.143035">
        <ele>20.789966912185115</ele>
        <time>2024-09-06T23:31:49.464Z</time>
      </trkpt>
      <trkpt lat="38.71905" lon="-9.142901666666667">
        <ele>25.089700743338113</ele>
        <time>2024-09-06T23:32:06.443Z</time>
      </trkpt>
      <trkpt lat="38.719186666666666" lon="-9.142673333333333">
        <ele>28.28902878917374</ele>
        <time>2024-09-06T23:32:36.458Z</time>
      </trkpt>
      <trkpt lat="38.71938" lon="-9.142463333333334">
        <ele>32.5882829948658</ele>
        <time>2024-09-06T23:33:05.468Z</time>
      </trkpt>
      <trkpt lat="38.719635000000004" lon="-9.142333333333333">
        <ele>36.28763495899464</ele>
        <time>2024-09-06T23:33:33.461Z</time>
      </trkpt>
      <trkpt lat="38.71972166666667" lon="-9.1421">
        <ele>35.28702115271748</ele>
        <time>2024-09-06T23:33:51.471Z</time>
      </trkpt>
      <trkpt lat="38.719923333333334" lon="-9.14193">
        <ele>32.78632570253331</ele>
        <time>2024-09-06T23:34:20.475Z</time>
      </trkpt>
      <trkpt lat="38.720056666666665" lon="-9.141878333333333">
        <ele>34.28600821601318</ele>
        <time>2024-09-06T23:34:44.471Z</time>
      </trkpt>
      <trkpt lat="38.72044" lon="-9.142041666666668">
        <ele>50.28572268054108</ele>
        <time>2024-09-06T23:35:14.466Z</time>
      </trkpt>
      <trkpt lat="38.72060166666667" lon="-9.141993333333334">
        <ele>53.28536673185202</ele>
        <time>2024-09-06T23:35:33.458Z</time>
      </trkpt>
      <trkpt lat="38.720661666666665" lon="-9.141885">
        <ele>59.18504567205604</ele>
        <time>2024-09-06T23:35:48.462Z</time>
      </trkpt>
      <trkpt lat="38.72104" lon="-9.141791666666668">
        <ele>53.584257204346684</ele>
        <time>2024-09-06T23:36:34.468Z</time>
      </trkpt>
      <trkpt lat="38.72181833333333" lon="-9.141313333333333">
        <ele>58.28205498105882</ele>
        <time>2024-09-06T23:38:03.468Z</time>
      </trkpt>
      <trkpt lat="38.722363333333334" lon="-9.14081">
        <ele>70.480140031844</ele>
        <time>2024-09-06T23:39:24.472Z</time>
      </trkpt>
      <trkpt lat="38.72239833333333" lon="-9.140863333333334">
        <ele>70.88020907690981</ele>
        <time>2024-09-06T23:39:39.462Z</time>
      </trkpt>
      <trkpt lat="38.722480000000004" lon="-9.1408">
        <ele>70.97993453305749</ele>
        <time>2024-09-06T23:39:50.410Z</time>
      </trkpt>
      <trkpt lat="38.72245833333333" lon="-9.140745">
        <ele>69.07985609647591</ele>
        <time>2024-09-06T23:40:00.445Z</time>
      </trkpt>
      <trkpt lat="38.72235666666666" lon="-9.140761666666666">
        <ele>64.08002104935578</ele>
        <time>2024-09-06T23:40:48.441Z</time>
      </trkpt>
      <trkpt lat="38.72252666666667" lon="-9.140826666666667">
        <ele>61.97993706918635</ele>
        <time>2024-09-06T23:41:13.448Z</time>
      </trkpt>
      <trkpt lat="38.722498333333334" lon="-9.140856666666668">
        <ele>61.88000230300823</ele>
        <time>2024-09-06T23:41:20.416Z</time>
      </trkpt>
      <trkpt lat="38.722525000000005" lon="-9.140758333333334">
        <ele>60.4797858443617</ele>
        <time>2024-09-06T23:41:49.455Z</time>
      </trkpt>
      <trkpt lat="38.722611666666666" lon="-9.140805">
        <ele>58.87974617394075</ele>
        <time>2024-09-06T23:42:06.458Z</time>
      </trkpt>
      <trkpt lat="38.72237666666667" lon="-9.140765">
        <ele>61.0800122059069</ele>
        <time>2024-09-06T23:42:25.452Z</time>
      </trkpt>
      <trkpt lat="38.72248166666667" lon="-9.140801666666666">
        <ele>68.37995066651465</ele>
        <time>2024-09-06T23:42:52.435Z</time>
      </trkpt>
      <trkpt lat="38.72246" lon="-9.140658333333333">
        <ele>69.77969783637619</ele>
        <time>2024-09-06T23:43:08.439Z</time>
      </trkpt>
      <trkpt lat="38.72237333333333" lon="-9.140708333333333">
        <ele>69.77981088629957</ele>
        <time>2024-09-06T23:43:11.439Z</time>
      </trkpt>
      <trkpt lat="38.72231166666666" lon="-9.140893333333334">
        <ele>66.38038361296293</ele>
        <time>2024-09-06T23:43:40.456Z</time>
      </trkpt>
      <trkpt lat="38.72231166666666" lon="-9.140801666666666">
        <ele>65.38023457553317</ele>
        <time>2024-09-06T23:43:51.425Z</time>
      </trkpt>
      <trkpt lat="38.72235166666667" lon="-9.140865">
        <ele>65.78026294443299</ele>
        <time>2024-09-06T23:43:58.456Z</time>
      </trkpt>
      <trkpt lat="38.722325" lon="-9.14074">
        <ele>68.08006380494588</ele>
        <time>2024-09-06T23:44:09.461Z</time>
      </trkpt>
      <trkpt lat="38.72217166666667" lon="-9.140675">
        <ele>69.98015965931623</ele>
        <time>2024-09-06T23:44:22.465Z</time>
      </trkpt>
      <trkpt lat="38.72247" lon="-9.140858333333334">
        <ele>65.28005686814846</ele>
        <time>2024-09-06T23:44:47.477Z</time>
      </trkpt>
      <trkpt lat="38.72255333333333" lon="-9.141146666666666">
        <ele>66.2805054883053</ele>
        <time>2024-09-06T23:45:24.468Z</time>
      </trkpt>
      <trkpt lat="38.722791666666666" lon="-9.141525">
        <ele>70.98087469048451</ele>
        <time>2024-09-06T23:46:12.449Z</time>
      </trkpt>
      <trkpt lat="38.723463333333335" lon="-9.14181">
        <ele>80.88040141087802</ele>
        <time>2024-09-06T23:48:11.428Z</time>
      </trkpt>
      <trkpt lat="38.723438333333334" lon="-9.142191666666667">
        <ele>86.28116842500984</ele>
        <time>2024-09-06T23:48:55.435Z</time>
      </trkpt>
      <trkpt lat="38.723295" lon="-9.142475">
        <ele>81.68199998171659</ele>
        <time>2024-09-06T23:49:42.432Z</time>
      </trkpt>
      <trkpt lat="38.72383833333333" lon="-9.142948333333333">
        <ele>70.78208121240579</ele>
        <time>2024-09-06T23:51:24.425Z</time>
      </trkpt>
      <trkpt lat="38.72382" lon="-9.143093333333333">
        <ele>76.28239291526396</ele>
        <time>2024-09-06T23:51:56.465Z</time>
      </trkpt>
      <trkpt lat="38.723645000000005" lon="-9.143220000000001">
        <ele>77.38289558254104</ele>
        <time>2024-09-06T23:52:20.419Z</time>
      </trkpt>
      <trkpt lat="38.723395" lon="-9.143248333333334">
        <ele>67.98339161085988</ele>
        <time>2024-09-06T23:53:10.451Z</time>
      </trkpt>
      <trkpt lat="38.72333166666667" lon="-9.143353333333332">
        <ele>61.38367354088607</ele>
        <time>2024-09-06T23:53:26.458Z</time>
      </trkpt>
      <trkpt lat="38.723330000000004" lon="-9.143419999999999">
        <ele>60.083849612115365</ele>
        <time>2024-09-06T23:54:01.419Z</time>
      </trkpt>
      <trkpt lat="38.723391666666664" lon="-9.143388333333332">
        <ele>50.88385633650715</ele>
        <time>2024-09-06T23:57:34.456Z</time>
      </trkpt>
      <trkpt lat="38.72358833333333" lon="-9.143028333333332">
        <ele>56.382657706592795</ele>
        <time>2024-09-06T23:58:26.429Z</time>
      </trkpt>
      <trkpt lat="38.723346666666664" lon="-9.143306666666666">
        <ele>57.88357343111235</ele>
        <time>2024-09-06T23:59:04.454Z</time>
      </trkpt>
      <trkpt lat="38.72341333333333" lon="-9.143755">
        <ele>53.88436323293325</ele>
        <time>2024-09-06T23:59:41.468Z</time>
      </trkpt>
      <trkpt lat="38.72333166666667" lon="-9.144631666666667">
        <ele>63.086284412921245</ele>
        <time>2024-09-07T00:01:07.455Z</time>
      </trkpt>
      <trkpt lat="38.72343166666667" lon="-9.144695">
        <ele>62.48629786046347</ele>
        <time>2024-09-07T00:01:08.454Z</time>
      </trkpt>
      <trkpt lat="38.72318666666667" lon="-9.144693333333333">
        <ele>78.68626463438602</ele>
        <time>2024-09-07T00:01:09.461Z</time>
      </trkpt>
      <trkpt lat="38.72329833333333" lon="-9.144731666666667">
        <ele>58.986655685068996</ele>
        <time>2024-09-07T00:01:10.459Z</time>
      </trkpt>
      <trkpt lat="38.723079999999996" lon="-9.144821666666667">
        <ele>53.98655323794103</ele>
        <time>2024-09-07T00:01:11.462Z</time>
      </trkpt>
      <trkpt lat="38.72335333333333" lon="-9.144766666666667">
        <ele>50.38654259840101</ele>
        <time>2024-09-07T00:01:16.445Z</time>
      </trkpt>
      <trkpt lat="38.723328333333335" lon="-9.144905">
        <ele>46.08682567116247</ele>
        <time>2024-09-07T00:01:29.468Z</time>
      </trkpt>
      <trkpt lat="38.723364999999994" lon="-9.145085">
        <ele>35.18714244664111</ele>
        <time>2024-09-07T00:01:42.464Z</time>
      </trkpt>
      <trkpt lat="38.72341333333333" lon="-9.145096666666666">
        <ele>32.78712373699492</ele>
        <time>2024-09-07T00:01:48.465Z</time>
      </trkpt>
      <trkpt lat="38.72334333333333" lon="-9.145298333333333">
        <ele>38.58760428371746</ele>
        <time>2024-09-07T00:02:09.441Z</time>
      </trkpt>
      <trkpt lat="38.723375000000004" lon="-9.145566666666667">
        <ele>37.98807562429748</ele>
        <time>2024-09-07T00:02:32.455Z</time>
      </trkpt>
      <trkpt lat="38.72329333333333" lon="-9.145698333333334">
        <ele>42.388462807447276</ele>
        <time>2024-09-07T00:02:42.462Z</time>
      </trkpt>
      <trkpt lat="38.723081666666666" lon="-9.145800000000001">
        <ele>43.68903355238587</ele>
        <time>2024-09-07T00:03:13.464Z</time>
      </trkpt>
      <trkpt lat="38.72295999999999" lon="-9.145718333333333">
        <ele>39.28910069701985</ele>
        <time>2024-09-07T00:03:27.431Z</time>
      </trkpt>
      <trkpt lat="38.722878333333334" lon="-9.145788333333334">
        <ele>38.98934481179549</ele>
        <time>2024-09-07T00:03:39.454Z</time>
      </trkpt>
      <trkpt lat="38.72268" lon="-9.145726666666667">
        <ele>46.18955246917737</ele>
        <time>2024-09-07T00:04:01.436Z</time>
      </trkpt>
      <trkpt lat="38.72257166666667" lon="-9.14586">
        <ele>45.3899581564284</ele>
        <time>2024-09-07T00:04:20.412Z</time>
      </trkpt>
      <trkpt lat="38.72254" lon="-9.1462">
        <ele>50.69073284226848</ele>
        <time>2024-09-07T00:05:02.451Z</time>
      </trkpt>
      <trkpt lat="38.72100833333333" lon="-9.145023333333334">
        <ele>35.990829186671036</ele>
        <time>2024-09-07T00:08:05.465Z</time>
      </trkpt>
      <trkpt lat="38.720886666666665" lon="-9.144845">
        <ele>49.19068200637718</ele>
        <time>2024-09-07T00:08:16.464Z</time>
      </trkpt>
      <trkpt lat="38.72089833333334" lon="-9.14476">
        <ele>53.19066845413591</ele>
        <time>2024-09-07T00:08:45.455Z</time>
      </trkpt>
      <trkpt lat="38.72060166666667" lon="-9.145333333333333">
        <ele>32.49210504582796</ele>
        <time>2024-09-07T00:09:51.428Z</time>
      </trkpt>
      <trkpt lat="38.72052833333333" lon="-9.145268333333332">
        <ele>34.29210192512374</ele>
        <time>2024-09-07T00:10:06.471Z</time>
      </trkpt>
      <trkpt lat="38.720355000000005" lon="-9.145276666666666">
        <ele>34.692392655026296</ele>
        <time>2024-09-07T00:10:24.464Z</time>
      </trkpt>
      <trkpt lat="38.7198" lon="-9.1448">
        <ele>31.592328389773954</ele>
        <time>2024-09-07T00:11:30.438Z</time>
      </trkpt>
      <trkpt lat="38.71978333333333" lon="-9.144695">
        <ele>30.192162025198527</ele>
        <time>2024-09-07T00:11:39.421Z</time>
      </trkpt>
      <trkpt lat="38.719456666666666" lon="-9.14442">
        <ele>28.39211036192598</ele>
        <time>2024-09-07T00:12:25.465Z</time>
      </trkpt>
      <trkpt lat="38.71932666666667" lon="-9.14418">
        <ele>27.691841116218747</ele>
        <time>2024-09-07T00:12:47.462Z</time>
      </trkpt>
      <trkpt lat="38.718815" lon="-9.143738333333333">
        <ele>19.59176607986003</ele>
        <time>2024-09-07T00:13:41.458Z</time>
      </trkpt>
      <trkpt lat="38.71866" lon="-9.143886666666667">
        <ele>19.292269124832124</ele>
        <time>2024-09-07T00:13:55.426Z</time>
      </trkpt>
      <trkpt lat="38.71853833333333" lon="-9.144268333333335">
        <ele>23.49324409052803</ele>
        <time>2024-09-07T00:15:21.462Z</time>
      </trkpt>
      <trkpt lat="38.71838833333334" lon="-9.144328333333334">
        <ele>21.593612935735337</ele>
        <time>2024-09-07T00:15:45.468Z</time>
      </trkpt>
      <trkpt lat="38.718158333333335" lon="-9.14414">
        <ele>23.693643868851872</ele>
        <time>2024-09-07T00:16:09.459Z</time>
      </trkpt>
      <trkpt lat="38.71797" lon="-9.144125">
        <ele>24.39390104048025</ele>
        <time>2024-09-07T00:16:28.461Z</time>
      </trkpt>
      <trkpt lat="38.716725" lon="-9.143045">
        <ele>23.293724386547723</ele>
        <time>2024-09-07T00:18:45.416Z</time>
      </trkpt>
      <trkpt lat="38.716768333333334" lon="-9.142943333333333">
        <ele>26.3935351010888</ele>
        <time>2024-09-07T00:19:08.465Z</time>
      </trkpt>
      <trkpt lat="38.71671333333334" lon="-9.142881666666666">
        <ele>25.893421169109978</ele>
        <time>2024-09-07T00:19:15.451Z</time>
      </trkpt>
      <trkpt lat="38.716575" lon="-9.142868333333332">
        <ele>21.59358113086124</ele>
        <time>2024-09-07T00:19:28.458Z</time>
      </trkpt>
      <trkpt lat="38.716276666666666" lon="-9.142681666666666">
        <ele>21.393707124179038</ele>
        <time>2024-09-07T00:19:55.432Z</time>
      </trkpt>
      <trkpt lat="38.716231666666665" lon="-9.142633333333333">
        <ele>20.79369215897558</ele>
        <time>2024-09-07T00:19:59.425Z</time>
      </trkpt>
      <trkpt lat="38.71628666666666" lon="-9.142574999999999">
        <ele>23.59347661683544</ele>
        <time>2024-09-07T00:20:08.448Z</time>
      </trkpt>
      <trkpt lat="38.716235" lon="-9.142698333333334">
        <ele>23.293768722672347</ele>
        <time>2024-09-07T00:20:21.452Z</time>
      </trkpt>
      <trkpt lat="38.716155" lon="-9.142673333333333">
        <ele>23.393891374465532</ele>
        <time>2024-09-07T00:20:30.425Z</time>
      </trkpt>
      <trkpt lat="38.71606166666666" lon="-9.142958333333333">
        <ele>23.29458828307279</ele>
        <time>2024-09-07T00:21:11.455Z</time>
      </trkpt>
      <trkpt lat="38.71566166666666" lon="-9.143341666666666">
        <ele>42.7959271846144</ele>
        <time>2024-09-07T00:22:47.454Z</time>
      </trkpt>
      <trkpt lat="38.715455" lon="-9.143413333333333">
        <ele>43.096484662025205</ele>
        <time>2024-09-07T00:23:18.426Z</time>
      </trkpt>
      <trkpt lat="38.71541666666667" lon="-9.143356666666667">
        <ele>47.49646671620087</ele>
        <time>2024-09-07T00:23:28.454Z</time>
      </trkpt>
      <trkpt lat="38.71534333333333" lon="-9.143426666666667">
        <ele>47.59672118432437</ele>
        <time>2024-09-07T00:23:52.458Z</time>
      </trkpt>
      <trkpt lat="38.71507833333333" lon="-9.143413333333333">
        <ele>44.99710962182515</ele>
        <time>2024-09-07T00:24:28.439Z</time>
      </trkpt>
      <trkpt lat="38.71513166666667" lon="-9.143578333333332">
        <ele>49.597371770685534</ele>
        <time>2024-09-07T00:24:50.452Z</time>
      </trkpt>
      <trkpt lat="38.71525666666666" lon="-9.143573333333334">
        <ele>50.597176699445846</ele>
        <time>2024-09-07T00:25:04.445Z</time>
      </trkpt>
      <trkpt lat="38.715475" lon="-9.14379">
        <ele>55.697263508027234</ele>
        <time>2024-09-07T00:25:31.426Z</time>
      </trkpt>
      <trkpt lat="38.71559666666667" lon="-9.143783333333333">
        <ele>58.397066414165984</ele>
        <time>2024-09-07T00:26:09.462Z</time>
      </trkpt>
      <trkpt lat="38.715606666666666" lon="-9.143708333333333">
        <ele>56.6969054368015</ele>
        <time>2024-09-07T00:26:18.452Z</time>
      </trkpt>
      <trkpt lat="38.71573333333333" lon="-9.143651666666667">
        <ele>56.196597299942525</ele>
        <time>2024-09-07T00:26:34.319Z</time>
      </trkpt>
      <trkpt lat="38.7159347930814" lon="-9.143900236850953">
        <ele>42.411496031971424</ele>
        <time>2024-09-07T00:27:07.393Z</time>
      </trkpt>
    </trkseg>
  </trk>
</gpx>
